{"type":"FeatureCollection","features":[{"type":"Feature","properties":{"cislo":56008,"mco":"Praha-Zbraslav"},"geometry":{"type":"Polygon","coordinates":[[[14.38483,49.96458],[14.38348,49.96504],[14.38179,49.96263],[14.37785,49.96225],[14.37909,49.95669],[14.37458,49.95419],[14.37327,49.9472],[14.37688,49.9467],[14.37982,49.94929],[14.38804,49.94986],[14.38919,49.95442],[14.38802,49.96216],[14.38437,49.96212],[14.38483,49.96458]]]}},{"type":"Feature","properties":{"cislo":56009,"mco":"Praha-Zbraslav"},"geometry":{"type":"Polygon","coordinates":[[[14.38348,49.96504],[14.38483,49.96458],[14.38721,49.96618],[14.38542,49.96657],[14.38348,49.96504]]]}},{"type":"Feature","properties":{"cislo":56010,"mco":"Praha-Zbraslav"},"geometry":{"type":"Polygon","coordinates":[[[14.39843,50.00897],[14.39688,50.00864],[14.3987,50.00622],[14.39603,50.00612],[14.39564,50.00444],[14.39789,50.00349],[14.39644,50.0023],[14.38964,50.00228],[14.38643,49.99888],[14.39454,49.99495],[14.38588,49.98948],[14.39866,49.98446],[14.40213,49.99642],[14.40283,49.99856],[14.40186,50.00344],[14.40087,50.00513],[14.39843,50.00897]]]}},{"type":"Feature","properties":{"cislo":48001,"mco":"Praha-Slivenec"},"geometry":{"type":"Polygon","coordinates":[[[14.32534,50.00917],[14.32983,50.00465],[14.33528,50.00651],[14.33909,50.00553],[14.34282,50.00786],[14.35687,50.00911],[14.35669,50.01645],[14.34968,50.02021],[14.32401,50.02164],[14.32965,50.01404],[14.32534,50.00917]]]}},{"type":"Feature","properties":{"cislo":48002,"mco":"Praha-Slivenec"},"geometry":{"type":"Polygon","coordinates":[[[14.37637,50.0238],[14.37449,50.02708],[14.37281,50.02653],[14.36576,50.02243],[14.35837,50.02022],[14.35619,50.02178],[14.35169,50.02191],[14.34968,50.02021],[14.35669,50.01645],[14.35687,50.00911],[14.3566,50.00641],[14.36695,50.00725],[14.36869,50.01746],[14.37349,50.02007],[14.37163,50.02144],[14.37637,50.0238]]]}},{"type":"Feature","properties":{"cislo":39001,"mco":"Praha-Lipence"},"geometry":{"type":"Polygon","coordinates":[[[14.36239,49.981],[14.35754,49.97303],[14.35405,49.97178],[14.34714,49.97255],[14.34346,49.96643],[14.34106,49.96582],[14.33476,49.96761],[14.32736,49.96338],[14.3251,49.95801],[14.33219,49.95434],[14.33844,49.94856],[14.34327,49.94763],[14.3588,49.94876],[14.36046,49.94753],[14.36844,49.9514],[14.37175,49.9504],[14.37327,49.9472],[14.37458,49.95419],[14.37909,49.95669],[14.37785,49.96225],[14.37717,49.96338],[14.37343,49.96387],[14.36971,49.96593],[14.37162,49.97364],[14.36239,49.981]]]}},{"type":"Feature","properties":{"cislo":13001,"mco":"Praha 13"},"geometry":{"type":"Polygon","coordinates":[[[14.33025,50.0467],[14.33068,50.04493],[14.32949,50.04639],[14.32615,50.04558],[14.32668,50.04385],[14.32952,50.04419],[14.33021,50.04434],[14.33156,50.04581],[14.33308,50.04463],[14.3331,50.04655],[14.33025,50.0467]]]}},{"type":"Feature","properties":{"cislo":13002,"mco":"Praha 13"},"geometry":{"type":"Polygon","coordinates":[[[14.32242,50.04719],[14.32254,50.04649],[14.32548,50.04672],[14.33025,50.0467],[14.3331,50.04655],[14.33308,50.04463],[14.33465,50.04524],[14.33828,50.04647],[14.33869,50.0468],[14.33721,50.04726],[14.32242,50.04719]]]}},{"type":"Feature","properties":{"cislo":13003,"mco":"Praha 13"},"geometry":{"type":"Polygon","coordinates":[[[14.33465,50.04524],[14.33678,50.04356],[14.33882,50.04526],[14.33828,50.04647],[14.33465,50.04524]]]}},{"type":"Feature","properties":{"cislo":13004,"mco":"Praha 13"},"geometry":{"type":"Polygon","coordinates":[[[14.33309,50.04463],[14.33288,50.04407],[14.33555,50.04257],[14.33678,50.04356],[14.33465,50.04524],[14.33309,50.04463]]]}},{"type":"Feature","properties":{"cislo":13005,"mco":"Praha 13"},"geometry":{"type":"Polygon","coordinates":[[[14.33288,50.04407],[14.33146,50.04305],[14.33099,50.04301],[14.3317,50.04127],[14.33194,50.04081],[14.33555,50.04257],[14.33288,50.04407]]]}},{"type":"Feature","properties":{"cislo":13006,"mco":"Praha 13"},"geometry":{"type":"Polygon","coordinates":[[[14.32772,50.044],[14.32768,50.04268],[14.32998,50.04226],[14.32896,50.04118],[14.3317,50.04127],[14.33099,50.04301],[14.32805,50.04337],[14.33146,50.04305],[14.33288,50.04407],[14.33309,50.04463],[14.33156,50.04581],[14.33021,50.04434],[14.32952,50.04419],[14.32772,50.044]]]}},{"type":"Feature","properties":{"cislo":13007,"mco":"Praha 13"},"geometry":{"type":"Polygon","coordinates":[[[14.33146,50.04305],[14.32805,50.04337],[14.33099,50.04301],[14.33146,50.04305]]]}},{"type":"Feature","properties":{"cislo":13008,"mco":"Praha 13"},"geometry":{"type":"Polygon","coordinates":[[[14.32772,50.044],[14.32668,50.04385],[14.32617,50.04348],[14.32732,50.0416],[14.32716,50.0405],[14.32365,50.04064],[14.32381,50.03991],[14.32582,50.03841],[14.33194,50.04081],[14.3317,50.04127],[14.32896,50.04118],[14.32998,50.04226],[14.32768,50.04268],[14.32772,50.044]]]}},{"type":"Feature","properties":{"cislo":13009,"mco":"Praha 13"},"geometry":{"type":"Polygon","coordinates":[[[14.31793,50.04764],[14.31555,50.04476],[14.31494,50.04378],[14.31593,50.04334],[14.31843,50.04486],[14.31688,50.04529],[14.31837,50.0462],[14.32169,50.04431],[14.32273,50.04477],[14.32254,50.04649],[14.31974,50.04725],[14.31794,50.04786],[14.31793,50.04764]]]}},{"type":"Feature","properties":{"cislo":13010,"mco":"Praha 13"},"geometry":{"type":"Polygon","coordinates":[[[14.31843,50.04486],[14.3203,50.04468],[14.32065,50.0449],[14.31837,50.0462],[14.31688,50.04529],[14.31843,50.04486]]]}},{"type":"Feature","properties":{"cislo":13011,"mco":"Praha 13"},"geometry":{"type":"Polygon","coordinates":[[[14.32273,50.04477],[14.32169,50.04431],[14.32128,50.04351],[14.32465,50.04419],[14.32273,50.04477]]]}},{"type":"Feature","properties":{"cislo":13012,"mco":"Praha 13"},"geometry":{"type":"Polygon","coordinates":[[[14.32124,50.04347],[14.32085,50.04319],[14.32432,50.04138],[14.32577,50.04296],[14.32124,50.04347]]]}},{"type":"Feature","properties":{"cislo":13013,"mco":"Praha 13"},"geometry":{"type":"Polygon","coordinates":[[[14.32128,50.04351],[14.32124,50.04347],[14.32577,50.04296],[14.32432,50.04138],[14.32732,50.0416],[14.32617,50.04348],[14.32465,50.04419],[14.32128,50.04351]]]}},{"type":"Feature","properties":{"cislo":13014,"mco":"Praha 13"},"geometry":{"type":"Polygon","coordinates":[[[14.33823,50.0393],[14.33925,50.03903],[14.34029,50.03954],[14.34155,50.03895],[14.3418,50.03779],[14.34248,50.03974],[14.33986,50.03967],[14.33823,50.0393]]]}},{"type":"Feature","properties":{"cislo":13015,"mco":"Praha 13"},"geometry":{"type":"Polygon","coordinates":[[[14.35243,50.04862],[14.34565,50.04615],[14.34496,50.0461],[14.34351,50.04242],[14.34784,50.04241],[14.34693,50.03975],[14.34212,50.03996],[14.33596,50.03939],[14.33823,50.0393],[14.33986,50.03967],[14.34248,50.03974],[14.3418,50.03779],[14.342,50.03674],[14.34103,50.03604],[14.33981,50.03563],[14.34599,50.03764],[14.34833,50.03421],[14.35301,50.03559],[14.35183,50.03941],[14.35551,50.04253],[14.35325,50.04304],[14.35243,50.04862]]]}},{"type":"Feature","properties":{"cislo":13016,"mco":"Praha 13"},"geometry":{"type":"Polygon","coordinates":[[[14.34387,50.04604],[14.33882,50.04526],[14.33555,50.04257],[14.33194,50.04081],[14.32942,50.03979],[14.33071,50.03805],[14.33526,50.03768],[14.33487,50.03941],[14.33589,50.04196],[14.33546,50.03996],[14.34224,50.04045],[14.34693,50.03975],[14.34784,50.04241],[14.34351,50.04242],[14.34496,50.0461],[14.34387,50.04604]]]}},{"type":"Feature","properties":{"cislo":13017,"mco":"Praha 13"},"geometry":{"type":"Polygon","coordinates":[[[14.34171,50.03819],[14.34155,50.03895],[14.33936,50.03877],[14.34059,50.03811],[14.34171,50.03819]]]}},{"type":"Feature","properties":{"cislo":13018,"mco":"Praha 13"},"geometry":{"type":"MultiPolygon","coordinates":[[[[14.33983,50.03654],[14.33769,50.03572],[14.33981,50.03563],[14.34103,50.03604],[14.33983,50.03654]]],[[[14.34042,50.03888],[14.34155,50.03895],[14.34029,50.03954],[14.34042,50.03888]]],[[[14.34171,50.03819],[14.34059,50.03811],[14.34074,50.03745],[14.34185,50.03756],[14.34171,50.03819]]]]}},{"type":"Feature","properties":{"cislo":13019,"mco":"Praha 13"},"geometry":{"type":"MultiPolygon","coordinates":[[[[14.33789,50.03721],[14.33856,50.03698],[14.34014,50.03739],[14.3406,50.03806],[14.34059,50.03811],[14.33936,50.03877],[14.33907,50.03873],[14.33789,50.03721]]],[[[14.33769,50.03572],[14.33983,50.03654],[14.33756,50.03633],[14.33769,50.03572]]]]}},{"type":"Feature","properties":{"cislo":13020,"mco":"Praha 13"},"geometry":{"type":"Polygon","coordinates":[[[14.34185,50.03756],[14.34014,50.03739],[14.33856,50.03698],[14.342,50.03674],[14.34185,50.03756]]]}},{"type":"Feature","properties":{"cislo":13021,"mco":"Praha 13"},"geometry":{"type":"Polygon","coordinates":[[[14.33596,50.03939],[14.33564,50.03751],[14.33662,50.0377],[14.33789,50.03721],[14.33907,50.03873],[14.33925,50.03903],[14.33823,50.0393],[14.33596,50.03939]]]}},{"type":"Feature","properties":{"cislo":13022,"mco":"Praha 13"},"geometry":{"type":"Polygon","coordinates":[[[14.33756,50.03633],[14.33983,50.03654],[14.34103,50.03604],[14.342,50.03674],[14.33856,50.03698],[14.33662,50.0377],[14.33756,50.03633]]]}},{"type":"Feature","properties":{"cislo":13023,"mco":"Praha 13"},"geometry":{"type":"Polygon","coordinates":[[[14.34914,50.04986],[14.34679,50.04965],[14.34663,50.04889],[14.345,50.04683],[14.3438,50.04907],[14.34387,50.04604],[14.34565,50.04615],[14.34914,50.04986]]]}},{"type":"Feature","properties":{"cislo":13024,"mco":"Praha 13"},"geometry":{"type":"Polygon","coordinates":[[[14.35304,50.04914],[14.34914,50.04986],[14.34565,50.04615],[14.35243,50.04862],[14.35304,50.04914]]]}},{"type":"Feature","properties":{"cislo":13025,"mco":"Praha 13"},"geometry":{"type":"Polygon","coordinates":[[[14.34663,50.04889],[14.34514,50.04936],[14.34208,50.04897],[14.34153,50.04826],[14.3438,50.04907],[14.345,50.04683],[14.34663,50.04889]]]}},{"type":"Feature","properties":{"cislo":13026,"mco":"Praha 13"},"geometry":{"type":"Polygon","coordinates":[[[14.34102,50.04998],[14.34012,50.04962],[14.33869,50.0468],[14.33828,50.04647],[14.33882,50.04526],[14.34387,50.04604],[14.3438,50.04907],[14.34153,50.04826],[14.34208,50.04897],[14.34514,50.04936],[14.34663,50.04889],[14.34679,50.04965],[14.34588,50.05037],[14.34392,50.05026],[14.34102,50.04998]]]}},{"type":"Feature","properties":{"cislo":13027,"mco":"Praha 13"},"geometry":{"type":"Polygon","coordinates":[[[14.34654,50.05347],[14.34689,50.0519],[14.34813,50.05194],[14.3535,50.05262],[14.33957,50.05697],[14.33821,50.05711],[14.34038,50.05467],[14.345,50.05482],[14.34654,50.05347]]]}},{"type":"Feature","properties":{"cislo":13028,"mco":"Praha 13"},"geometry":{"type":"Polygon","coordinates":[[[14.34813,50.05194],[14.34042,50.05091],[14.34012,50.04962],[14.34102,50.04998],[14.34485,50.05111],[14.34679,50.04965],[14.34914,50.04986],[14.35304,50.04914],[14.35522,50.05156],[14.3535,50.05262],[14.34813,50.05194]]]}},{"type":"Feature","properties":{"cislo":13029,"mco":"Praha 13"},"geometry":{"type":"Polygon","coordinates":[[[14.34253,50.05381],[14.34251,50.05267],[14.34145,50.05386],[14.33996,50.05262],[14.34268,50.05259],[14.34513,50.05335],[14.34253,50.05381]]]}},{"type":"Feature","properties":{"cislo":13030,"mco":"Praha 13"},"geometry":{"type":"Polygon","coordinates":[[[14.34145,50.05386],[14.3372,50.05296],[14.33996,50.05262],[14.34145,50.05386]]]}},{"type":"Feature","properties":{"cislo":13031,"mco":"Praha 13"},"geometry":{"type":"Polygon","coordinates":[[[14.31593,50.04334],[14.31855,50.04099],[14.32381,50.03991],[14.32365,50.04064],[14.32043,50.04191],[14.32085,50.04319],[14.32128,50.04351],[14.32169,50.04431],[14.32065,50.0449],[14.3203,50.04468],[14.31843,50.04486],[14.31593,50.04334]]]}},{"type":"Feature","properties":{"cislo":13032,"mco":"Praha 13"},"geometry":{"type":"Polygon","coordinates":[[[14.32085,50.04319],[14.32043,50.04191],[14.32365,50.04064],[14.32716,50.0405],[14.32732,50.0416],[14.32432,50.04138],[14.32085,50.04319]]]}},{"type":"Feature","properties":{"cislo":13033,"mco":"Praha 13"},"geometry":{"type":"Polygon","coordinates":[[[14.31743,50.05724],[14.3139,50.05435],[14.31186,50.0546],[14.31332,50.05374],[14.31067,50.0515],[14.31508,50.0526],[14.31778,50.05041],[14.31991,50.05142],[14.31683,50.05168],[14.31681,50.05314],[14.3282,50.05499],[14.33061,50.05586],[14.32833,50.05629],[14.32411,50.05499],[14.3235,50.05769],[14.3186,50.05817],[14.31743,50.05724]]]}},{"type":"Feature","properties":{"cislo":13034,"mco":"Praha 13"},"geometry":{"type":"Polygon","coordinates":[[[14.31395,50.04896],[14.31097,50.04857],[14.31387,50.04966],[14.31505,50.05235],[14.31031,50.05096],[14.31071,50.04968],[14.30469,50.05138],[14.30399,50.05069],[14.30448,50.04908],[14.30863,50.04845],[14.31034,50.04967],[14.30931,50.04798],[14.31564,50.04786],[14.31395,50.04896]]]}},{"type":"Feature","properties":{"cislo":13035,"mco":"Praha 13"},"geometry":{"type":"Polygon","coordinates":[[[14.30863,50.04845],[14.30882,50.04745],[14.31189,50.0476],[14.30812,50.04674],[14.30868,50.04541],[14.31036,50.04593],[14.31284,50.04591],[14.31318,50.04761],[14.31754,50.0476],[14.31395,50.04896],[14.31564,50.04786],[14.30931,50.04798],[14.31034,50.04967],[14.30863,50.04845]]]}},{"type":"Feature","properties":{"cislo":13036,"mco":"Praha 13"},"geometry":{"type":"Polygon","coordinates":[[[14.30722,50.04413],[14.30802,50.04536],[14.30754,50.04743],[14.30882,50.04745],[14.30863,50.04845],[14.30448,50.04908],[14.30399,50.05069],[14.30064,50.05051],[14.3013,50.04793],[14.29797,50.04753],[14.30123,50.04642],[14.30119,50.04478],[14.30722,50.04413]]]}},{"type":"Feature","properties":{"cislo":13037,"mco":"Praha 13"},"geometry":{"type":"Polygon","coordinates":[[[14.31284,50.04591],[14.31036,50.04593],[14.31397,50.04518],[14.31284,50.04591]]]}},{"type":"Feature","properties":{"cislo":13038,"mco":"Praha 13"},"geometry":{"type":"Polygon","coordinates":[[[14.31754,50.0476],[14.31318,50.04761],[14.31284,50.04591],[14.31397,50.04518],[14.31555,50.04476],[14.31793,50.04764],[14.31754,50.0476]]]}},{"type":"Feature","properties":{"cislo":13039,"mco":"Praha 13"},"geometry":{"type":"Polygon","coordinates":[[[14.33511,50.0604],[14.32833,50.05629],[14.33061,50.05586],[14.3282,50.05499],[14.32498,50.05401],[14.32439,50.05089],[14.32599,50.05178],[14.32665,50.05225],[14.32847,50.0523],[14.32907,50.05357],[14.33821,50.05711],[14.33957,50.05697],[14.33947,50.05885],[14.33542,50.06037],[14.33511,50.0604]]]}},{"type":"Feature","properties":{"cislo":13040,"mco":"Praha 13"},"geometry":{"type":"Polygon","coordinates":[[[14.31743,50.05724],[14.31646,50.06225],[14.30927,50.06162],[14.30466,50.05889],[14.30477,50.05738],[14.29722,50.05506],[14.29833,50.05237],[14.30042,50.05302],[14.30469,50.05138],[14.31071,50.04968],[14.31031,50.05096],[14.31505,50.05235],[14.31387,50.04966],[14.31097,50.04857],[14.31395,50.04896],[14.31754,50.0476],[14.31793,50.04764],[14.31794,50.04786],[14.31991,50.05008],[14.32544,50.05066],[14.32659,50.05206],[14.32879,50.0512],[14.32847,50.0523],[14.32665,50.05225],[14.32599,50.05178],[14.32439,50.05089],[14.32498,50.05401],[14.3282,50.05499],[14.31681,50.05314],[14.31683,50.05168],[14.31991,50.05142],[14.31778,50.05041],[14.31508,50.0526],[14.31067,50.0515],[14.31332,50.05374],[14.31186,50.0546],[14.3139,50.05435],[14.31743,50.05724]]]}},{"type":"Feature","properties":{"cislo":13041,"mco":"Praha 13"},"geometry":{"type":"Polygon","coordinates":[[[14.31794,50.04786],[14.31974,50.04725],[14.32242,50.04719],[14.33721,50.04726],[14.33388,50.05205],[14.32879,50.0512],[14.32659,50.05206],[14.32544,50.05066],[14.31991,50.05008],[14.31794,50.04786]],[[14.32104,50.04946],[14.33224,50.04963],[14.32988,50.04856],[14.32104,50.04946]]]}},{"type":"Feature","properties":{"cislo":13042,"mco":"Praha 13"},"geometry":{"type":"Polygon","coordinates":[[[14.29833,50.05237],[14.27598,50.04941],[14.27271,50.05069],[14.26833,50.04922],[14.27111,50.04701],[14.26871,50.04342],[14.27013,50.04027],[14.27421,50.0358],[14.28213,50.03197],[14.28892,50.03633],[14.30073,50.03898],[14.30722,50.04413],[14.30119,50.04478],[14.30123,50.04642],[14.29797,50.04753],[14.3013,50.04793],[14.30064,50.05051],[14.30399,50.05069],[14.30469,50.05138],[14.30042,50.05302],[14.29833,50.05237]]]}},{"type":"Feature","properties":{"cislo":13043,"mco":"Praha 13"},"geometry":{"type":"Polygon","coordinates":[[[14.32232,50.06522],[14.31876,50.06476],[14.30998,50.06189],[14.30451,50.06093],[14.30466,50.05889],[14.30927,50.06162],[14.31646,50.06225],[14.31743,50.05724],[14.3186,50.05817],[14.32846,50.06248],[14.3251,50.0628],[14.32232,50.06522]]]}},{"type":"Feature","properties":{"cislo":13044,"mco":"Praha 13"},"geometry":{"type":"Polygon","coordinates":[[[14.31974,50.04725],[14.32254,50.04649],[14.32242,50.04719],[14.31974,50.04725]]]}},{"type":"Feature","properties":{"cislo":13045,"mco":"Praha 13"},"geometry":{"type":"Polygon","coordinates":[[[14.34588,50.05037],[14.34485,50.05111],[14.34102,50.04998],[14.34392,50.05026],[14.34588,50.05037]]]}},{"type":"Feature","properties":{"cislo":13046,"mco":"Praha 13"},"geometry":{"type":"Polygon","coordinates":[[[14.33346,50.05281],[14.33388,50.05205],[14.33721,50.04726],[14.33869,50.0468],[14.34012,50.04962],[14.34042,50.05091],[14.34036,50.05135],[14.33996,50.05262],[14.3372,50.05296],[14.33346,50.05281]]]}},{"type":"Feature","properties":{"cislo":13047,"mco":"Praha 13"},"geometry":{"type":"MultiPolygon","coordinates":[[[[14.34693,50.03975],[14.34224,50.04045],[14.33546,50.03996],[14.33589,50.04196],[14.33487,50.03941],[14.33526,50.03768],[14.33071,50.03805],[14.33015,50.03587],[14.3274,50.03559],[14.32774,50.03498],[14.33099,50.03279],[14.33539,50.03352],[14.33564,50.03751],[14.33596,50.03939],[14.34212,50.03996],[14.34693,50.03975]]],[[[14.33925,50.03903],[14.33907,50.03873],[14.34042,50.03888],[14.34029,50.03954],[14.33925,50.03903]]],[[[14.34014,50.03739],[14.34074,50.03745],[14.3406,50.03806],[14.34014,50.03739]]]]}},{"type":"Feature","properties":{"cislo":13048,"mco":"Praha 13"},"geometry":{"type":"Polygon","coordinates":[[[14.33821,50.05711],[14.32907,50.05357],[14.33346,50.05281],[14.3372,50.05296],[14.34145,50.05386],[14.34251,50.05267],[14.34253,50.05381],[14.34513,50.05335],[14.34654,50.05347],[14.345,50.05482],[14.34038,50.05467],[14.33821,50.05711]]]}},{"type":"Feature","properties":{"cislo":13049,"mco":"Praha 13"},"geometry":{"type":"Polygon","coordinates":[[[14.32254,50.04649],[14.32273,50.04477],[14.32465,50.04419],[14.32617,50.04348],[14.32668,50.04385],[14.32615,50.04558],[14.32548,50.04672],[14.32254,50.04649]]]}},{"type":"Feature","properties":{"cislo":13050,"mco":"Praha 13"},"geometry":{"type":"Polygon","coordinates":[[[14.32548,50.04672],[14.32615,50.04558],[14.32949,50.04639],[14.33068,50.04493],[14.33025,50.0467],[14.32548,50.04672]]]}},{"type":"Feature","properties":{"cislo":45001,"mco":"Praha-Přední Kopanina"},"geometry":{"type":"Polygon","coordinates":[[[14.30571,50.13022],[14.30141,50.12972],[14.30028,50.12672],[14.29476,50.12486],[14.29707,50.12051],[14.28535,50.11575],[14.2937,50.10635],[14.29525,50.10693],[14.3042,50.10907],[14.31765,50.11894],[14.31595,50.12869],[14.31073,50.12812],[14.30571,50.13022]]]}},{"type":"Feature","properties":{"cislo":17001,"mco":"Praha 17"},"geometry":{"type":"Polygon","coordinates":[[[14.3218,50.07357],[14.31638,50.07126],[14.31581,50.07389],[14.31009,50.07315],[14.30995,50.07254],[14.31003,50.07107],[14.30995,50.06852],[14.31212,50.0686],[14.31532,50.06828],[14.31591,50.07094],[14.31717,50.06778],[14.32251,50.06857],[14.3218,50.07357]]]}},{"type":"Feature","properties":{"cislo":17002,"mco":"Praha 17"},"geometry":{"type":"Polygon","coordinates":[[[14.3102,50.07645],[14.29328,50.07759],[14.29137,50.0746],[14.29289,50.06739],[14.29864,50.06551],[14.2987,50.06634],[14.29833,50.06857],[14.30439,50.06874],[14.30365,50.06979],[14.30546,50.0725],[14.30995,50.07254],[14.31009,50.07315],[14.3102,50.07645]]]}},{"type":"Feature","properties":{"cislo":17003,"mco":"Praha 17"},"geometry":{"type":"Polygon","coordinates":[[[14.31212,50.0686],[14.31274,50.06609],[14.31676,50.06628],[14.31559,50.06771],[14.31717,50.06778],[14.31591,50.07094],[14.31532,50.06828],[14.31212,50.0686]]]}},{"type":"Feature","properties":{"cislo":17004,"mco":"Praha 17"},"geometry":{"type":"Polygon","coordinates":[[[14.2987,50.06634],[14.29864,50.06551],[14.30064,50.06584],[14.30598,50.06572],[14.30743,50.06712],[14.30424,50.06676],[14.3006,50.06699],[14.2987,50.06634]]]}},{"type":"Feature","properties":{"cislo":17005,"mco":"Praha 17"},"geometry":{"type":"Polygon","coordinates":[[[14.30979,50.06456],[14.30998,50.06189],[14.31876,50.06476],[14.31799,50.06589],[14.31433,50.06476],[14.31269,50.06574],[14.30979,50.06456]]]}},{"type":"Feature","properties":{"cislo":17006,"mco":"Praha 17"},"geometry":{"type":"Polygon","coordinates":[[[14.31269,50.06574],[14.31433,50.06476],[14.31799,50.06589],[14.31676,50.06628],[14.31274,50.06609],[14.31269,50.06574]]]}},{"type":"Feature","properties":{"cislo":17007,"mco":"Praha 17"},"geometry":{"type":"Polygon","coordinates":[[[14.30995,50.06852],[14.30979,50.06456],[14.31269,50.06574],[14.31274,50.06609],[14.31212,50.0686],[14.30995,50.06852]]]}},{"type":"Feature","properties":{"cislo":17008,"mco":"Praha 17"},"geometry":{"type":"Polygon","coordinates":[[[14.32251,50.06857],[14.31717,50.06778],[14.31559,50.06771],[14.31676,50.06628],[14.31799,50.06589],[14.31876,50.06476],[14.32232,50.06522],[14.32251,50.06857]]]}},{"type":"Feature","properties":{"cislo":17009,"mco":"Praha 17"},"geometry":{"type":"Polygon","coordinates":[[[14.30365,50.06979],[14.30439,50.06874],[14.30424,50.06676],[14.30743,50.06712],[14.30994,50.06812],[14.31003,50.07107],[14.30852,50.07133],[14.30872,50.06983],[14.30365,50.06979]]]}},{"type":"Feature","properties":{"cislo":17010,"mco":"Praha 17"},"geometry":{"type":"Polygon","coordinates":[[[14.30994,50.06812],[14.30743,50.06712],[14.30598,50.06572],[14.30979,50.06457],[14.30994,50.06812]]]}},{"type":"Feature","properties":{"cislo":17011,"mco":"Praha 17"},"geometry":{"type":"Polygon","coordinates":[[[14.30473,50.06369],[14.30738,50.06143],[14.30998,50.06189],[14.30979,50.06457],[14.30598,50.06572],[14.30473,50.06369]]]}},{"type":"Feature","properties":{"cislo":17012,"mco":"Praha 17"},"geometry":{"type":"Polygon","coordinates":[[[14.30322,50.06396],[14.30034,50.06325],[14.30418,50.06105],[14.30451,50.06093],[14.30738,50.06143],[14.30473,50.06369],[14.30322,50.06396]]]}},{"type":"Feature","properties":{"cislo":17013,"mco":"Praha 17"},"geometry":{"type":"Polygon","coordinates":[[[14.30034,50.06325],[14.30322,50.06396],[14.30064,50.06584],[14.29864,50.06551],[14.29289,50.06739],[14.30034,50.06325]]]}},{"type":"Feature","properties":{"cislo":17014,"mco":"Praha 17"},"geometry":{"type":"Polygon","coordinates":[[[14.3006,50.06699],[14.29833,50.06857],[14.2987,50.06634],[14.3006,50.06699]]]}},{"type":"Feature","properties":{"cislo":17015,"mco":"Praha 17"},"geometry":{"type":"Polygon","coordinates":[[[14.30995,50.07254],[14.30546,50.0725],[14.30365,50.06979],[14.30872,50.06983],[14.30852,50.07133],[14.31003,50.07107],[14.30995,50.07254]]]}},{"type":"Feature","properties":{"cislo":17016,"mco":"Praha 17"},"geometry":{"type":"Polygon","coordinates":[[[14.29833,50.06857],[14.3006,50.06699],[14.30424,50.06676],[14.30439,50.06874],[14.29833,50.06857]]]}},{"type":"Feature","properties":{"cislo":17017,"mco":"Praha 17"},"geometry":{"type":"Polygon","coordinates":[[[14.30598,50.06572],[14.30064,50.06584],[14.30322,50.06396],[14.30473,50.06369],[14.30598,50.06572]]]}},{"type":"Feature","properties":{"cislo":17018,"mco":"Praha 17"},"geometry":{"type":"Polygon","coordinates":[[[14.31009,50.07315],[14.31581,50.07389],[14.31638,50.07126],[14.3218,50.07357],[14.32546,50.07455],[14.32577,50.07629],[14.32377,50.07623],[14.3102,50.07645],[14.31009,50.07315]]]}},{"type":"Feature","properties":{"cislo":33001,"mco":"Praha-Koloděje"},"geometry":{"type":"Polygon","coordinates":[[[14.63941,50.07255],[14.63153,50.07047],[14.62914,50.0727],[14.62648,50.0718],[14.62531,50.07466],[14.62275,50.07485],[14.62443,50.07049],[14.61776,50.06796],[14.61915,50.06483],[14.62258,50.0644],[14.62213,50.06298],[14.62444,50.06276],[14.62344,50.06099],[14.62732,50.06064],[14.62459,50.05918],[14.62546,50.05563],[14.63131,50.05359],[14.6379,50.05717],[14.64026,50.05697],[14.6459,50.05881],[14.64491,50.06013],[14.65221,50.05961],[14.65152,50.06202],[14.65817,50.06114],[14.66069,50.06281],[14.65038,50.07014],[14.64335,50.07122],[14.63941,50.07255]]]}},{"type":"Feature","properties":{"cislo":35001,"mco":"Praha-Královice"},"geometry":{"type":"Polygon","coordinates":[[[14.64029,50.04848],[14.63158,50.04632],[14.62746,50.04423],[14.62758,50.04137],[14.626,50.04226],[14.6222,50.041],[14.62235,50.03965],[14.62302,50.03802],[14.62485,50.0385],[14.62466,50.03646],[14.62901,50.03547],[14.63093,50.02668],[14.63593,50.0271],[14.63664,50.02607],[14.64339,50.02678],[14.64588,50.02869],[14.65124,50.02632],[14.66142,50.02583],[14.6562,50.03103],[14.65703,50.03789],[14.66692,50.0386],[14.65394,50.04932],[14.64411,50.04225],[14.64029,50.04848]]]}},{"type":"Feature","properties":{"cislo":55001,"mco":"Praha-Vinoř"},"geometry":{"type":"Polygon","coordinates":[[[14.56056,50.15544],[14.54438,50.14905],[14.54598,50.14725],[14.54677,50.14503],[14.55581,50.14389],[14.55872,50.14384],[14.56166,50.13326],[14.56728,50.1359],[14.5677,50.1341],[14.57492,50.13617],[14.57605,50.13462],[14.58364,50.13331],[14.58415,50.13004],[14.5875,50.1309],[14.59001,50.12856],[14.598,50.12786],[14.59829,50.12939],[14.60095,50.12938],[14.58981,50.13974],[14.59143,50.14276],[14.58808,50.14447],[14.58836,50.14705],[14.59298,50.14847],[14.59913,50.15397],[14.5894,50.15437],[14.58443,50.15371],[14.57861,50.15027],[14.5784,50.15089],[14.57612,50.15046],[14.56886,50.15011],[14.56623,50.15172],[14.56331,50.15024],[14.56056,50.15544]],[[14.57842,50.1439],[14.57752,50.14112],[14.57488,50.14022],[14.57421,50.14124],[14.57472,50.13978],[14.56199,50.13371],[14.55896,50.14396],[14.54697,50.14511],[14.54583,50.14796],[14.54495,50.14901],[14.56043,50.15519],[14.56318,50.1501],[14.56631,50.15152],[14.56878,50.15003],[14.57373,50.14995],[14.5782,50.15076],[14.57851,50.15023],[14.58114,50.14899],[14.58595,50.15117],[14.58721,50.1494],[14.57842,50.1439]]]}},{"type":"Feature","properties":{"cislo":22001,"mco":"Praha 22"},"geometry":{"type":"Polygon","coordinates":[[[14.60425,50.04233],[14.6011,50.03971],[14.60324,50.03712],[14.59986,50.03302],[14.6019,50.0297],[14.61016,50.03106],[14.62119,50.02496],[14.62952,50.02482],[14.63093,50.02668],[14.62901,50.03547],[14.62466,50.03646],[14.62485,50.0385],[14.62302,50.03802],[14.62235,50.03965],[14.6222,50.041],[14.626,50.04226],[14.61523,50.04699],[14.6049,50.04712],[14.60425,50.04233]]]}},{"type":"Feature","properties":{"cislo":22002,"mco":"Praha 22"},"geometry":{"type":"Polygon","coordinates":[[[14.59804,50.02938],[14.59144,50.02778],[14.59251,50.02673],[14.58718,50.02305],[14.59119,50.02153],[14.59266,50.02298],[14.59011,50.02416],[14.59299,50.02623],[14.60043,50.02105],[14.60874,50.02127],[14.60143,50.02934],[14.59804,50.02938]]]}},{"type":"Feature","properties":{"cislo":22003,"mco":"Praha 22"},"geometry":{"type":"Polygon","coordinates":[[[14.61016,50.03106],[14.6019,50.0297],[14.60143,50.02934],[14.60874,50.02127],[14.60972,50.0209],[14.60975,50.02111],[14.62157,50.02202],[14.61862,50.02498],[14.62119,50.02496],[14.61016,50.03106]]]}},{"type":"Feature","properties":{"cislo":22004,"mco":"Praha 22"},"geometry":{"type":"Polygon","coordinates":[[[14.6011,50.03971],[14.59352,50.03277],[14.59804,50.02938],[14.60143,50.02934],[14.6019,50.0297],[14.59986,50.03302],[14.60324,50.03712],[14.6011,50.03971]]]}},{"type":"Feature","properties":{"cislo":22005,"mco":"Praha 22"},"geometry":{"type":"Polygon","coordinates":[[[14.57575,50.04206],[14.59352,50.03277],[14.6011,50.03971],[14.60425,50.04233],[14.6049,50.04712],[14.59633,50.04855],[14.58726,50.04848],[14.58441,50.04707],[14.5834,50.04885],[14.58018,50.04939],[14.58086,50.04786],[14.57575,50.04206]]]}},{"type":"Feature","properties":{"cislo":22006,"mco":"Praha 22"},"geometry":{"type":"Polygon","coordinates":[[[14.59352,50.03277],[14.57575,50.04206],[14.57153,50.04108],[14.56923,50.03815],[14.57202,50.03669],[14.57577,50.03418],[14.57944,50.03256],[14.58753,50.032],[14.58877,50.03072],[14.59352,50.03277]]]}},{"type":"Feature","properties":{"cislo":22008,"mco":"Praha 22"},"geometry":{"type":"Polygon","coordinates":[[[14.57944,50.03256],[14.57015,50.02935],[14.5729,50.02555],[14.57116,50.02336],[14.5737,50.02301],[14.5714,50.01793],[14.57395,50.01764],[14.57337,50.01326],[14.57524,50.01268],[14.58246,50.01644],[14.58178,50.01102],[14.58715,50.01153],[14.58793,50.0101],[14.59173,50.01246],[14.59088,50.01368],[14.59497,50.01472],[14.59353,50.0159],[14.59085,50.01525],[14.59018,50.01684],[14.5941,50.01788],[14.59362,50.0191],[14.59595,50.01785],[14.59738,50.01963],[14.59119,50.02153],[14.58718,50.02305],[14.59251,50.02673],[14.59144,50.02778],[14.58877,50.03072],[14.58753,50.032],[14.57944,50.03256]]]}},{"type":"Feature","properties":{"cislo":30001,"mco":"Praha-Dolní Počernice"},"geometry":{"type":"Polygon","coordinates":[[[14.56483,50.08763],[14.56432,50.07603],[14.56703,50.07437],[14.57732,50.07605],[14.57685,50.08059],[14.58561,50.08116],[14.58544,50.0826],[14.57281,50.08707],[14.56483,50.08763]]]}},{"type":"Feature","properties":{"cislo":30002,"mco":"Praha-Dolní Počernice"},"geometry":{"type":"Polygon","coordinates":[[[14.57304,50.1008],[14.57441,50.09593],[14.5697,50.09345],[14.57279,50.09038],[14.5694,50.08857],[14.56657,50.08927],[14.56483,50.08763],[14.57281,50.08707],[14.58557,50.08256],[14.59313,50.08155],[14.60151,50.08349],[14.60142,50.08601],[14.60521,50.08684],[14.60418,50.09225],[14.62263,50.09359],[14.62447,50.09565],[14.61751,50.09853],[14.59652,50.09622],[14.59243,50.09465],[14.58927,50.09936],[14.58231,50.09741],[14.57946,50.10113],[14.57304,50.1008]]]}},{"type":"Feature","properties":{"cislo":18001,"mco":"Praha 18"},"geometry":{"type":"Polygon","coordinates":[[[14.53512,50.14022],[14.5302,50.14034],[14.5235,50.13735],[14.51718,50.13838],[14.51629,50.13715],[14.51532,50.13829],[14.51099,50.13608],[14.51148,50.13148],[14.51364,50.13155],[14.51102,50.12876],[14.51493,50.12745],[14.52495,50.12761],[14.52595,50.12908],[14.53536,50.13111],[14.53547,50.13415],[14.53564,50.13534],[14.53512,50.14022]]]}},{"type":"Feature","properties":{"cislo":18002,"mco":"Praha 18"},"geometry":{"type":"Polygon","coordinates":[[[14.52215,50.14077],[14.517,50.1416],[14.51036,50.13866],[14.51,50.13616],[14.51099,50.13608],[14.51532,50.13829],[14.51601,50.13993],[14.52215,50.14077]]]}},{"type":"Feature","properties":{"cislo":18003,"mco":"Praha 18"},"geometry":{"type":"Polygon","coordinates":[[[14.52824,50.14324],[14.52215,50.14077],[14.51601,50.13993],[14.51532,50.13829],[14.51629,50.13715],[14.51718,50.13838],[14.5235,50.13735],[14.5302,50.14034],[14.52824,50.14324]]]}},{"type":"Feature","properties":{"cislo":18004,"mco":"Praha 18"},"geometry":{"type":"Polygon","coordinates":[[[14.51741,50.14955],[14.51373,50.14844],[14.50968,50.14971],[14.50891,50.14756],[14.50699,50.14275],[14.51119,50.14202],[14.50892,50.1402],[14.51036,50.13866],[14.517,50.1416],[14.52215,50.14077],[14.52824,50.14324],[14.52176,50.14718],[14.51741,50.14955]]]}},{"type":"Feature","properties":{"cislo":18005,"mco":"Praha 18"},"geometry":{"type":"Polygon","coordinates":[[[14.50891,50.14756],[14.50437,50.14447],[14.50437,50.14248],[14.49656,50.14241],[14.49707,50.14072],[14.50051,50.14073],[14.50477,50.13843],[14.50551,50.13915],[14.50848,50.14231],[14.51119,50.14202],[14.50699,50.14275],[14.50891,50.14756]]]}},{"type":"Feature","properties":{"cislo":18006,"mco":"Praha 18"},"geometry":{"type":"Polygon","coordinates":[[[14.50551,50.13915],[14.50719,50.13908],[14.50892,50.1402],[14.51119,50.14202],[14.50848,50.14231],[14.50551,50.13915]]]}},{"type":"Feature","properties":{"cislo":18007,"mco":"Praha 18"},"geometry":{"type":"Polygon","coordinates":[[[14.50892,50.1402],[14.50719,50.13908],[14.50814,50.13587],[14.51,50.13616],[14.51036,50.13866],[14.50892,50.1402]]]}},{"type":"Feature","properties":{"cislo":18008,"mco":"Praha 18"},"geometry":{"type":"Polygon","coordinates":[[[14.50477,50.13843],[14.50682,50.13567],[14.50814,50.13587],[14.50719,50.13908],[14.50551,50.13915],[14.50477,50.13843]]]}},{"type":"Feature","properties":{"cislo":18009,"mco":"Praha 18"},"geometry":{"type":"Polygon","coordinates":[[[14.50814,50.13587],[14.50682,50.13567],[14.50867,50.1339],[14.51148,50.13148],[14.51099,50.13608],[14.51,50.13616],[14.50814,50.13587]]]}},{"type":"Feature","properties":{"cislo":18010,"mco":"Praha 18"},"geometry":{"type":"Polygon","coordinates":[[[14.49707,50.14072],[14.49775,50.13645],[14.49813,50.13282],[14.50207,50.13064],[14.50934,50.13233],[14.50867,50.1339],[14.50682,50.13567],[14.50477,50.13843],[14.50051,50.14073],[14.49707,50.14072]]]}},{"type":"Feature","properties":{"cislo":18011,"mco":"Praha 18"},"geometry":{"type":"Polygon","coordinates":[[[14.51148,50.13148],[14.50867,50.1339],[14.50934,50.13233],[14.50207,50.13064],[14.50748,50.12714],[14.51003,50.12565],[14.5185,50.12287],[14.52184,50.12625],[14.52495,50.12761],[14.51493,50.12745],[14.51102,50.12876],[14.51364,50.13155],[14.51148,50.13148]]]}},{"type":"Feature","properties":{"cislo":18012,"mco":"Praha 18"},"geometry":{"type":"Polygon","coordinates":[[[14.49775,50.13645],[14.49471,50.13616],[14.49563,50.13145],[14.49795,50.13138],[14.49836,50.12856],[14.50071,50.12665],[14.50748,50.12714],[14.50207,50.13064],[14.49813,50.13282],[14.49775,50.13645]]]}},{"type":"Feature","properties":{"cislo":9001,"mco":"Praha 9"},"geometry":{"type":"Polygon","coordinates":[[[14.48862,50.0983],[14.48759,50.09927],[14.48999,50.10061],[14.48714,50.10089],[14.48217,50.09742],[14.4855,50.09777],[14.48862,50.0983]]]}},{"type":"Feature","properties":{"cislo":9002,"mco":"Praha 9"},"geometry":{"type":"Polygon","coordinates":[[[14.47886,50.0972],[14.47923,50.09665],[14.48217,50.09742],[14.48714,50.10089],[14.48999,50.10061],[14.48759,50.09927],[14.48862,50.0983],[14.49395,50.09896],[14.49493,50.10054],[14.49963,50.10023],[14.49994,50.10123],[14.48853,50.1017],[14.47886,50.0972]]]}},{"type":"Feature","properties":{"cislo":9003,"mco":"Praha 9"},"geometry":{"type":"Polygon","coordinates":[[[14.50358,50.1083],[14.50213,50.10789],[14.50269,50.10577],[14.49777,50.10563],[14.49944,50.10498],[14.49714,50.10215],[14.49994,50.10123],[14.49963,50.10023],[14.49493,50.10054],[14.49395,50.09896],[14.49603,50.09646],[14.50824,50.09769],[14.51351,50.10045],[14.51284,50.10546],[14.51212,50.10547],[14.50408,50.105],[14.50358,50.1083]]]}},{"type":"Feature","properties":{"cislo":9005,"mco":"Praha 9"},"geometry":{"type":"MultiPolygon","coordinates":[[[[14.50358,50.1083],[14.50408,50.105],[14.51212,50.10547],[14.50745,50.106],[14.50972,50.11067],[14.50358,50.1083]]],[[[14.50642,50.10985],[14.5067,50.11048],[14.50644,50.11049],[14.50642,50.10985]]]]}},{"type":"Feature","properties":{"cislo":9006,"mco":"Praha 9"},"geometry":{"type":"Polygon","coordinates":[[[14.50972,50.11067],[14.50745,50.106],[14.51212,50.10547],[14.51284,50.10546],[14.522,50.10768],[14.52949,50.10456],[14.53144,50.10959],[14.53131,50.11007],[14.50972,50.11067]]]}},{"type":"Feature","properties":{"cislo":9008,"mco":"Praha 9"},"geometry":{"type":"Polygon","coordinates":[[[14.52184,50.12625],[14.5185,50.12287],[14.51003,50.12565],[14.50911,50.12368],[14.5086,50.1194],[14.50651,50.11657],[14.50079,50.11617],[14.49687,50.11492],[14.4898,50.11536],[14.48859,50.11413],[14.49231,50.11219],[14.49618,50.11205],[14.50515,50.11261],[14.5164,50.11384],[14.53136,50.11136],[14.52825,50.11354],[14.53119,50.11745],[14.52655,50.118],[14.52764,50.12142],[14.52526,50.12176],[14.52463,50.12604],[14.52184,50.12625]]]}},{"type":"Feature","properties":{"cislo":9009,"mco":"Praha 9"},"geometry":{"type":"Polygon","coordinates":[[[14.5025,50.11118],[14.49634,50.10949],[14.49314,50.10837],[14.49472,50.10638],[14.50269,50.10577],[14.50213,50.10789],[14.5025,50.11118]]]}},{"type":"Feature","properties":{"cislo":9010,"mco":"Praha 9"},"geometry":{"type":"MultiPolygon","coordinates":[[[[14.50515,50.11261],[14.49618,50.11205],[14.49774,50.11034],[14.50257,50.11134],[14.50515,50.11261]]],[[[14.49583,50.11088],[14.49666,50.11084],[14.49663,50.11118],[14.49583,50.11088]]],[[[14.50269,50.10577],[14.49472,50.10638],[14.49333,50.10589],[14.49777,50.10563],[14.50269,50.10577]]]]}},{"type":"Feature","properties":{"cislo":9011,"mco":"Praha 9"},"geometry":{"type":"Polygon","coordinates":[[[14.49231,50.11219],[14.49634,50.10949],[14.5025,50.11118],[14.50257,50.11134],[14.49774,50.11034],[14.49618,50.11205],[14.49231,50.11219]],[[14.49583,50.11088],[14.49663,50.11118],[14.49666,50.11084],[14.49583,50.11088]]]}},{"type":"Feature","properties":{"cislo":9012,"mco":"Praha 9"},"geometry":{"type":"MultiPolygon","coordinates":[[[[14.49314,50.10837],[14.49034,50.10738],[14.49125,50.10516],[14.49472,50.10638],[14.49314,50.10837]]],[[[14.49031,50.10626],[14.49044,50.1061],[14.49067,50.10617],[14.49031,50.10626]]],[[[14.48624,50.10442],[14.48693,50.10418],[14.48653,50.10453],[14.48624,50.10442]]],[[[14.4878,50.10402],[14.4877,50.10415],[14.48733,50.10408],[14.4878,50.10402]]]]}},{"type":"Feature","properties":{"cislo":9013,"mco":"Praha 9"},"geometry":{"type":"MultiPolygon","coordinates":[[[[14.48805,50.10659],[14.48973,50.10462],[14.49125,50.10516],[14.49034,50.10738],[14.48805,50.10659]],[[14.49031,50.10626],[14.49067,50.10617],[14.49044,50.1061],[14.49031,50.10626]]],[[[14.4878,50.10402],[14.48785,50.10452],[14.4877,50.10415],[14.4878,50.10402]]]]}},{"type":"Feature","properties":{"cislo":9014,"mco":"Praha 9"},"geometry":{"type":"MultiPolygon","coordinates":[[[[14.48805,50.10659],[14.48537,50.10567],[14.48736,50.10395],[14.48698,50.10273],[14.48374,50.10221],[14.47856,50.09778],[14.47886,50.0972],[14.48853,50.1017],[14.49994,50.10123],[14.49714,50.10215],[14.49944,50.10498],[14.49777,50.10563],[14.49333,50.10589],[14.48973,50.10462],[14.48805,50.10659]],[[14.4878,50.10402],[14.48733,50.10408],[14.4877,50.10415],[14.48785,50.10452],[14.4878,50.10402]]],[[[14.48925,50.10869],[14.48795,50.10823],[14.48833,50.10733],[14.48925,50.10869]]],[[[14.4834,50.10354],[14.48372,50.10314],[14.48455,50.10318],[14.4834,50.10354]]]]}},{"type":"Feature","properties":{"cislo":9015,"mco":"Praha 9"},"geometry":{"type":"Polygon","coordinates":[[[14.48537,50.10567],[14.48266,50.10474],[14.48075,50.10578],[14.4806,50.10397],[14.48083,50.10158],[14.48374,50.10221],[14.48698,50.10273],[14.48736,50.10395],[14.48537,50.10567]],[[14.48624,50.10442],[14.48653,50.10453],[14.48693,50.10418],[14.48624,50.10442]],[[14.4834,50.10354],[14.48455,50.10318],[14.48372,50.10314],[14.4834,50.10354]]]}},{"type":"Feature","properties":{"cislo":9016,"mco":"Praha 9"},"geometry":{"type":"Polygon","coordinates":[[[14.48122,50.10876],[14.48076,50.10625],[14.48075,50.10578],[14.48266,50.10474],[14.48718,50.1063],[14.48833,50.10733],[14.48795,50.10823],[14.48617,50.10615],[14.48309,50.10638],[14.48285,50.10991],[14.48122,50.10876]]]}},{"type":"Feature","properties":{"cislo":9017,"mco":"Praha 9"},"geometry":{"type":"Polygon","coordinates":[[[14.49314,50.10837],[14.48925,50.10869],[14.48833,50.10733],[14.48718,50.1063],[14.49314,50.10837]]]}},{"type":"Feature","properties":{"cislo":9018,"mco":"Praha 9"},"geometry":{"type":"Polygon","coordinates":[[[14.48285,50.10991],[14.48309,50.10638],[14.48617,50.10615],[14.48795,50.10823],[14.48925,50.10869],[14.49314,50.10837],[14.49634,50.10949],[14.49231,50.11219],[14.48285,50.10991]]]}},{"type":"Feature","properties":{"cislo":9019,"mco":"Praha 9"},"geometry":{"type":"Polygon","coordinates":[[[14.53035,50.09731],[14.51351,50.10045],[14.50824,50.09769],[14.49603,50.09646],[14.49603,50.09577],[14.49621,50.09505],[14.49836,50.09185],[14.50338,50.08974],[14.51338,50.08881],[14.51846,50.08658],[14.53307,50.09061],[14.53322,50.09166],[14.53035,50.09731]]]}},{"type":"Feature","properties":{"cislo":9020,"mco":"Praha 9"},"geometry":{"type":"Polygon","coordinates":[[[14.48122,50.12176],[14.47626,50.11926],[14.47585,50.11741],[14.48275,50.11796],[14.48327,50.11882],[14.48523,50.12088],[14.48591,50.12351],[14.48122,50.12176]]]}},{"type":"Feature","properties":{"cislo":9021,"mco":"Praha 9"},"geometry":{"type":"Polygon","coordinates":[[[14.48514,50.12471],[14.48122,50.12176],[14.48668,50.12381],[14.48613,50.12423],[14.48514,50.12471]]]}},{"type":"Feature","properties":{"cislo":9022,"mco":"Praha 9"},"geometry":{"type":"Polygon","coordinates":[[[14.48613,50.12423],[14.48668,50.12381],[14.48798,50.12387],[14.48861,50.12549],[14.48613,50.12423]]]}},{"type":"Feature","properties":{"cislo":9023,"mco":"Praha 9"},"geometry":{"type":"Polygon","coordinates":[[[14.48574,50.12854],[14.4824,50.12615],[14.48613,50.12423],[14.48861,50.12549],[14.48884,50.12626],[14.48838,50.12679],[14.48574,50.12854]]]}},{"type":"Feature","properties":{"cislo":9024,"mco":"Praha 9"},"geometry":{"type":"Polygon","coordinates":[[[14.49508,50.12681],[14.48838,50.12679],[14.48884,50.12626],[14.49193,50.1239],[14.49516,50.12574],[14.49508,50.12681]]]}},{"type":"Feature","properties":{"cislo":9025,"mco":"Praha 9"},"geometry":{"type":"Polygon","coordinates":[[[14.48711,50.12952],[14.48574,50.12854],[14.48838,50.12679],[14.49508,50.12681],[14.49652,50.12887],[14.49836,50.12856],[14.49795,50.13138],[14.49563,50.13145],[14.48711,50.12952]]]}},{"type":"Feature","properties":{"cislo":9026,"mco":"Praha 9"},"geometry":{"type":"Polygon","coordinates":[[[14.49836,50.12856],[14.49652,50.12887],[14.49508,50.12681],[14.49516,50.12574],[14.49743,50.12705],[14.49794,50.12604],[14.49852,50.12562],[14.50071,50.12665],[14.49836,50.12856]]]}},{"type":"Feature","properties":{"cislo":9027,"mco":"Praha 9"},"geometry":{"type":"Polygon","coordinates":[[[14.49852,50.12562],[14.49794,50.12604],[14.49618,50.12434],[14.49852,50.12562]]]}},{"type":"Feature","properties":{"cislo":9028,"mco":"Praha 9"},"geometry":{"type":"Polygon","coordinates":[[[14.49516,50.12574],[14.49193,50.1239],[14.49403,50.12228],[14.49626,50.12301],[14.49618,50.12434],[14.49794,50.12604],[14.49743,50.12705],[14.49516,50.12574]]]}},{"type":"Feature","properties":{"cislo":9029,"mco":"Praha 9"},"geometry":{"type":"Polygon","coordinates":[[[14.48884,50.12626],[14.48861,50.12549],[14.48798,50.12387],[14.48995,50.12352],[14.49123,50.12443],[14.48884,50.12626]]]}},{"type":"Feature","properties":{"cislo":9030,"mco":"Praha 9"},"geometry":{"type":"Polygon","coordinates":[[[14.48798,50.12387],[14.48668,50.12381],[14.48591,50.12351],[14.48523,50.12088],[14.48843,50.12105],[14.48796,50.12192],[14.49037,50.1232],[14.48995,50.12352],[14.48798,50.12387]]]}},{"type":"Feature","properties":{"cislo":9031,"mco":"Praha 9"},"geometry":{"type":"Polygon","coordinates":[[[14.49037,50.1232],[14.48796,50.12192],[14.48846,50.12157],[14.49104,50.12327],[14.49302,50.12179],[14.49381,50.12245],[14.49193,50.1239],[14.49037,50.1232]]]}},{"type":"Feature","properties":{"cislo":9032,"mco":"Praha 9"},"geometry":{"type":"MultiPolygon","coordinates":[[[[14.48327,50.11882],[14.48949,50.11896],[14.48843,50.12105],[14.48523,50.12088],[14.48327,50.11882]]],[[[14.48846,50.12157],[14.49071,50.12026],[14.49326,50.12161],[14.49104,50.12327],[14.48846,50.12157]]]]}},{"type":"Feature","properties":{"cislo":9033,"mco":"Praha 9"},"geometry":{"type":"MultiPolygon","coordinates":[[[[14.48796,50.12192],[14.48949,50.11896],[14.4927,50.11834],[14.49506,50.12043],[14.49326,50.12161],[14.49071,50.12026],[14.48846,50.12157],[14.48796,50.12192]]],[[[14.49609,50.11962],[14.49702,50.12012],[14.4964,50.12063],[14.49609,50.11962]]]]}},{"type":"Feature","properties":{"cislo":9034,"mco":"Praha 9"},"geometry":{"type":"Polygon","coordinates":[[[14.49403,50.12228],[14.49381,50.12245],[14.49302,50.12179],[14.49506,50.12043],[14.4927,50.11834],[14.49609,50.11962],[14.4964,50.12063],[14.49403,50.12228]]]}},{"type":"Feature","properties":{"cislo":9035,"mco":"Praha 9"},"geometry":{"type":"MultiPolygon","coordinates":[[[[14.49914,50.11853],[14.49702,50.12012],[14.49609,50.11962],[14.4927,50.11834],[14.48949,50.11896],[14.48327,50.11882],[14.48275,50.11796],[14.4898,50.11536],[14.49687,50.11492],[14.50079,50.11617],[14.49914,50.11853]]],[[[14.49123,50.12443],[14.48995,50.12352],[14.49037,50.1232],[14.49193,50.1239],[14.49123,50.12443]]]]}},{"type":"Feature","properties":{"cislo":9036,"mco":"Praha 9"},"geometry":{"type":"Polygon","coordinates":[[[14.49968,50.12229],[14.4982,50.12325],[14.49626,50.12301],[14.49403,50.12228],[14.4964,50.12063],[14.49921,50.12186],[14.50082,50.12023],[14.50187,50.12082],[14.49968,50.12229]]]}},{"type":"Feature","properties":{"cislo":9037,"mco":"Praha 9"},"geometry":{"type":"Polygon","coordinates":[[[14.49852,50.12562],[14.49618,50.12434],[14.49626,50.12301],[14.4982,50.12325],[14.50144,50.1249],[14.50233,50.12615],[14.50161,50.12671],[14.50071,50.12665],[14.49852,50.12562]]]}},{"type":"Feature","properties":{"cislo":9038,"mco":"Praha 9"},"geometry":{"type":"Polygon","coordinates":[[[14.50313,50.12439],[14.49968,50.12229],[14.50187,50.12082],[14.5036,50.12184],[14.50573,50.12336],[14.50398,50.12484],[14.50655,50.12322],[14.50548,50.12187],[14.50736,50.12287],[14.50458,50.12555],[14.50313,50.12439]]]}},{"type":"Feature","properties":{"cislo":9039,"mco":"Praha 9"},"geometry":{"type":"MultiPolygon","coordinates":[[[[14.50082,50.12023],[14.49921,50.12186],[14.4964,50.12063],[14.49914,50.11853],[14.50121,50.11965],[14.50082,50.12023]]],[[[14.50144,50.1249],[14.4982,50.12325],[14.49968,50.12229],[14.50313,50.12439],[14.50144,50.1249]]]]}},{"type":"Feature","properties":{"cislo":9040,"mco":"Praha 9"},"geometry":{"type":"MultiPolygon","coordinates":[[[[14.50736,50.12287],[14.50437,50.12128],[14.5036,50.12184],[14.50082,50.12023],[14.50121,50.11965],[14.5086,50.1194],[14.50911,50.12368],[14.50736,50.12287]]],[[[14.50458,50.12555],[14.50233,50.12615],[14.50144,50.1249],[14.50313,50.12439],[14.50458,50.12555]]]]}},{"type":"Feature","properties":{"cislo":9041,"mco":"Praha 9"},"geometry":{"type":"Polygon","coordinates":[[[14.50548,50.12187],[14.50655,50.12322],[14.50398,50.12484],[14.50573,50.12336],[14.5036,50.12184],[14.50437,50.12128],[14.50548,50.12187]]]}},{"type":"Feature","properties":{"cislo":9042,"mco":"Praha 9"},"geometry":{"type":"Polygon","coordinates":[[[14.50748,50.12714],[14.50161,50.12671],[14.50233,50.12615],[14.50458,50.12555],[14.50736,50.12287],[14.50911,50.12368],[14.51003,50.12565],[14.50748,50.12714]]]}},{"type":"Feature","properties":{"cislo":9043,"mco":"Praha 9"},"geometry":{"type":"Polygon","coordinates":[[[14.49914,50.11853],[14.50079,50.11617],[14.50651,50.11657],[14.5086,50.1194],[14.50121,50.11965],[14.49914,50.11853]]]}},{"type":"Feature","properties":{"cislo":37001,"mco":"Praha-Kunratice"},"geometry":{"type":"Polygon","coordinates":[[[14.46846,50.01696],[14.46443,50.01606],[14.46953,50.00711],[14.4718,50.00385],[14.4759,50.00444],[14.47635,50.00191],[14.47357,50.0017],[14.4759,49.99842],[14.47822,49.99539],[14.48315,49.99488],[14.484,49.99249],[14.49698,49.99534],[14.49701,49.99913],[14.4923,49.99966],[14.48561,50.00336],[14.4821,50.00278],[14.47639,50.0121],[14.48235,50.01407],[14.48126,50.0163],[14.48612,50.01655],[14.47816,50.02164],[14.46846,50.01696]]]}},{"type":"Feature","properties":{"cislo":37002,"mco":"Praha-Kunratice"},"geometry":{"type":"Polygon","coordinates":[[[14.50068,50.0058],[14.49399,50.00876],[14.48766,50.00713],[14.48465,50.00944],[14.4867,50.01342],[14.48235,50.01407],[14.47639,50.0121],[14.4821,50.00278],[14.48561,50.00336],[14.4923,49.99966],[14.49701,49.99913],[14.49774,50.00112],[14.49443,50.00116],[14.4991,50.00282],[14.50068,50.0058]]]}},{"type":"Feature","properties":{"cislo":37003,"mco":"Praha-Kunratice"},"geometry":{"type":"Polygon","coordinates":[[[14.48235,50.01407],[14.4867,50.01342],[14.48465,50.00944],[14.48766,50.00713],[14.49399,50.00876],[14.50068,50.0058],[14.50296,50.01281],[14.50105,50.01198],[14.48905,50.01708],[14.48612,50.01655],[14.48126,50.0163],[14.48235,50.01407]]]}},{"type":"Feature","properties":{"cislo":37004,"mco":"Praha-Kunratice"},"geometry":{"type":"Polygon","coordinates":[[[14.47723,50.02983],[14.4641,50.03099],[14.462,50.0298],[14.45965,50.02651],[14.46381,50.02443],[14.46626,50.02349],[14.4621,50.02177],[14.46268,50.02119],[14.46846,50.01696],[14.47816,50.02164],[14.47723,50.02983]]]}},{"type":"Feature","properties":{"cislo":37005,"mco":"Praha-Kunratice"},"geometry":{"type":"Polygon","coordinates":[[[14.47816,50.02164],[14.48612,50.01655],[14.48905,50.01708],[14.4902,50.02012],[14.48703,50.02204],[14.48912,50.02268],[14.48898,50.0228],[14.48802,50.02617],[14.48776,50.02902],[14.48457,50.02885],[14.48106,50.02912],[14.47723,50.02983],[14.47816,50.02164]]]}},{"type":"Feature","properties":{"cislo":37006,"mco":"Praha-Kunratice"},"geometry":{"type":"Polygon","coordinates":[[[14.48912,50.02268],[14.48703,50.02204],[14.4902,50.02012],[14.48905,50.01708],[14.50105,50.01198],[14.50296,50.01281],[14.50037,50.02024],[14.49607,50.02125],[14.49312,50.02158],[14.48912,50.02268]]]}},{"type":"Feature","properties":{"cislo":3001,"mco":"Praha 3"},"geometry":{"type":"Polygon","coordinates":[[[14.43996,50.08613],[14.43933,50.08596],[14.44086,50.08523],[14.4396,50.08209],[14.44398,50.08157],[14.44564,50.08126],[14.44718,50.08334],[14.44666,50.08521],[14.43996,50.08613]]]}},{"type":"Feature","properties":{"cislo":3002,"mco":"Praha 3"},"geometry":{"type":"Polygon","coordinates":[[[14.44842,50.08608],[14.43996,50.08613],[14.44666,50.08521],[14.44698,50.0851],[14.44842,50.08608]]]}},{"type":"Feature","properties":{"cislo":3003,"mco":"Praha 3"},"geometry":{"type":"Polygon","coordinates":[[[14.45332,50.0905],[14.44799,50.08986],[14.44504,50.08925],[14.43813,50.08638],[14.43933,50.08596],[14.43996,50.08613],[14.44842,50.08608],[14.4512,50.08681],[14.45332,50.0905]]]}},{"type":"Feature","properties":{"cislo":3004,"mco":"Praha 3"},"geometry":{"type":"Polygon","coordinates":[[[14.45335,50.08444],[14.4512,50.08681],[14.44842,50.08608],[14.44698,50.0851],[14.45335,50.08444]]]}},{"type":"Feature","properties":{"cislo":3005,"mco":"Praha 3"},"geometry":{"type":"Polygon","coordinates":[[[14.44718,50.08334],[14.44944,50.08385],[14.45204,50.08406],[14.45326,50.08382],[14.45351,50.08419],[14.45335,50.08444],[14.44698,50.0851],[14.44666,50.08521],[14.44718,50.08334]]]}},{"type":"Feature","properties":{"cislo":3006,"mco":"Praha 3"},"geometry":{"type":"Polygon","coordinates":[[[14.44718,50.08334],[14.44564,50.08126],[14.44843,50.08178],[14.44923,50.08228],[14.44944,50.08385],[14.44718,50.08334]]]}},{"type":"Feature","properties":{"cislo":3007,"mco":"Praha 3"},"geometry":{"type":"Polygon","coordinates":[[[14.44944,50.08385],[14.44923,50.08228],[14.4524,50.08222],[14.45204,50.08406],[14.44944,50.08385]]]}},{"type":"Feature","properties":{"cislo":3008,"mco":"Praha 3"},"geometry":{"type":"Polygon","coordinates":[[[14.44564,50.08126],[14.44759,50.07988],[14.44807,50.0793],[14.45018,50.08003],[14.44843,50.08178],[14.44564,50.08126]]]}},{"type":"Feature","properties":{"cislo":3009,"mco":"Praha 3"},"geometry":{"type":"Polygon","coordinates":[[[14.44923,50.08228],[14.44843,50.08178],[14.45018,50.08003],[14.44807,50.0793],[14.44826,50.07908],[14.4542,50.08132],[14.45523,50.08177],[14.4524,50.08222],[14.44923,50.08228]]]}},{"type":"Feature","properties":{"cislo":3010,"mco":"Praha 3"},"geometry":{"type":"Polygon","coordinates":[[[14.4524,50.08222],[14.45523,50.08177],[14.45326,50.08382],[14.45204,50.08406],[14.4524,50.08222]]]}},{"type":"Feature","properties":{"cislo":3011,"mco":"Praha 3"},"geometry":{"type":"Polygon","coordinates":[[[14.45347,50.09052],[14.45332,50.0905],[14.4512,50.08681],[14.45335,50.08444],[14.45351,50.08419],[14.45566,50.08492],[14.45597,50.08614],[14.45572,50.08724],[14.45544,50.09092],[14.45347,50.09052]]]}},{"type":"Feature","properties":{"cislo":3012,"mco":"Praha 3"},"geometry":{"type":"Polygon","coordinates":[[[14.46158,50.09212],[14.45922,50.09179],[14.45544,50.09092],[14.45572,50.08724],[14.46001,50.08842],[14.46627,50.08976],[14.46821,50.08998],[14.46816,50.0901],[14.46918,50.0931],[14.46819,50.0933],[14.46158,50.09212]]]}},{"type":"Feature","properties":{"cislo":3013,"mco":"Praha 3"},"geometry":{"type":"Polygon","coordinates":[[[14.45572,50.08724],[14.45597,50.08614],[14.45965,50.08734],[14.46001,50.08842],[14.45572,50.08724]]]}},{"type":"Feature","properties":{"cislo":3014,"mco":"Praha 3"},"geometry":{"type":"Polygon","coordinates":[[[14.45965,50.08734],[14.45597,50.08614],[14.45566,50.08492],[14.46205,50.08639],[14.45965,50.08734]]]}},{"type":"Feature","properties":{"cislo":3015,"mco":"Praha 3"},"geometry":{"type":"Polygon","coordinates":[[[14.46205,50.08639],[14.45566,50.08492],[14.45351,50.08419],[14.45326,50.08382],[14.45523,50.08177],[14.46382,50.08323],[14.4626,50.08654],[14.46205,50.08639]]]}},{"type":"Feature","properties":{"cislo":3016,"mco":"Praha 3"},"geometry":{"type":"Polygon","coordinates":[[[14.46924,50.08798],[14.46625,50.0874],[14.4626,50.08654],[14.46382,50.08323],[14.47085,50.08434],[14.46924,50.08798]]]}},{"type":"Feature","properties":{"cislo":3017,"mco":"Praha 3"},"geometry":{"type":"Polygon","coordinates":[[[14.46127,50.08867],[14.46001,50.08842],[14.45965,50.08734],[14.46205,50.08639],[14.46625,50.0874],[14.46597,50.08792],[14.46127,50.08867]]]}},{"type":"Feature","properties":{"cislo":3018,"mco":"Praha 3"},"geometry":{"type":"Polygon","coordinates":[[[14.46627,50.08976],[14.46127,50.08867],[14.46597,50.08792],[14.46627,50.08976]]]}},{"type":"Feature","properties":{"cislo":3019,"mco":"Praha 3"},"geometry":{"type":"Polygon","coordinates":[[[14.46821,50.08998],[14.46627,50.08976],[14.46597,50.08792],[14.46625,50.0874],[14.46924,50.08798],[14.46821,50.08998]]]}},{"type":"Feature","properties":{"cislo":3020,"mco":"Praha 3"},"geometry":{"type":"Polygon","coordinates":[[[14.4542,50.08132],[14.44826,50.07908],[14.44906,50.07723],[14.45236,50.0774],[14.45148,50.0796],[14.45352,50.07963],[14.45473,50.08008],[14.4542,50.08132]]]}},{"type":"Feature","properties":{"cislo":3021,"mco":"Praha 3"},"geometry":{"type":"Polygon","coordinates":[[[14.45352,50.07963],[14.45148,50.0796],[14.45236,50.0774],[14.45472,50.07751],[14.45352,50.07963]]]}},{"type":"Feature","properties":{"cislo":3022,"mco":"Praha 3"},"geometry":{"type":"Polygon","coordinates":[[[14.45473,50.08008],[14.45352,50.07963],[14.45472,50.07751],[14.4571,50.07769],[14.4566,50.07893],[14.45503,50.07936],[14.45473,50.08008]]]}},{"type":"Feature","properties":{"cislo":3023,"mco":"Praha 3"},"geometry":{"type":"Polygon","coordinates":[[[14.4566,50.07893],[14.4571,50.07769],[14.46047,50.07784],[14.46058,50.07917],[14.4566,50.07893]]]}},{"type":"Feature","properties":{"cislo":3024,"mco":"Praha 3"},"geometry":{"type":"Polygon","coordinates":[[[14.45503,50.07936],[14.4566,50.07893],[14.46058,50.07917],[14.45647,50.08045],[14.45503,50.07936]]]}},{"type":"Feature","properties":{"cislo":3025,"mco":"Praha 3"},"geometry":{"type":"Polygon","coordinates":[[[14.47085,50.08434],[14.46382,50.08323],[14.45523,50.08177],[14.4542,50.08132],[14.45503,50.07936],[14.45647,50.08045],[14.47181,50.08194],[14.47085,50.08434]]]}},{"type":"Feature","properties":{"cislo":3026,"mco":"Praha 3"},"geometry":{"type":"Polygon","coordinates":[[[14.47181,50.08194],[14.45647,50.08045],[14.46058,50.07917],[14.46047,50.07784],[14.46898,50.07833],[14.47316,50.07851],[14.47181,50.08194]]]}},{"type":"Feature","properties":{"cislo":3027,"mco":"Praha 3"},"geometry":{"type":"Polygon","coordinates":[[[14.44906,50.07723],[14.44913,50.07543],[14.4529,50.07547],[14.45236,50.0774],[14.44906,50.07723]]]}},{"type":"Feature","properties":{"cislo":3028,"mco":"Praha 3"},"geometry":{"type":"Polygon","coordinates":[[[14.45236,50.0774],[14.4529,50.07547],[14.45666,50.07552],[14.45536,50.07755],[14.45236,50.0774]]]}},{"type":"Feature","properties":{"cislo":3029,"mco":"Praha 3"},"geometry":{"type":"Polygon","coordinates":[[[14.45536,50.07755],[14.45666,50.07552],[14.458,50.07554],[14.4571,50.07769],[14.45536,50.07755]]]}},{"type":"Feature","properties":{"cislo":3030,"mco":"Praha 3"},"geometry":{"type":"Polygon","coordinates":[[[14.45849,50.07775],[14.4571,50.07769],[14.458,50.07554],[14.46055,50.07566],[14.45849,50.07775]]]}},{"type":"Feature","properties":{"cislo":3031,"mco":"Praha 3"},"geometry":{"type":"Polygon","coordinates":[[[14.46055,50.07566],[14.46399,50.07583],[14.46395,50.07804],[14.45849,50.07775],[14.46055,50.07566]]]}},{"type":"Feature","properties":{"cislo":3032,"mco":"Praha 3"},"geometry":{"type":"Polygon","coordinates":[[[14.46395,50.07804],[14.46399,50.07583],[14.46563,50.07591],[14.46526,50.07812],[14.46395,50.07804]]]}},{"type":"Feature","properties":{"cislo":3033,"mco":"Praha 3"},"geometry":{"type":"Polygon","coordinates":[[[14.46526,50.07812],[14.46563,50.07591],[14.46925,50.07609],[14.46898,50.07833],[14.46526,50.07812]]]}},{"type":"Feature","properties":{"cislo":3034,"mco":"Praha 3"},"geometry":{"type":"Polygon","coordinates":[[[14.46898,50.07833],[14.46925,50.07609],[14.47316,50.07851],[14.46898,50.07833]]]}},{"type":"Feature","properties":{"cislo":3035,"mco":"Praha 3"},"geometry":{"type":"Polygon","coordinates":[[[14.47316,50.07851],[14.46925,50.07609],[14.47842,50.07635],[14.4788,50.07792],[14.47316,50.07851]]]}},{"type":"Feature","properties":{"cislo":3036,"mco":"Praha 3"},"geometry":{"type":"Polygon","coordinates":[[[14.47399,50.08965],[14.47161,50.08999],[14.47254,50.08853],[14.46924,50.08798],[14.47085,50.08434],[14.47316,50.07851],[14.47653,50.07813],[14.47638,50.07947],[14.48263,50.08054],[14.48053,50.08193],[14.4827,50.08232],[14.47984,50.08874],[14.47405,50.08745],[14.47486,50.08849],[14.47399,50.08965]]]}},{"type":"Feature","properties":{"cislo":3037,"mco":"Praha 3"},"geometry":{"type":"Polygon","coordinates":[[[14.47161,50.08999],[14.47041,50.09052],[14.46816,50.0901],[14.46924,50.08798],[14.47254,50.08853],[14.47161,50.08999]]]}},{"type":"Feature","properties":{"cislo":3038,"mco":"Praha 3"},"geometry":{"type":"Polygon","coordinates":[[[14.47562,50.09639],[14.46918,50.0931],[14.46816,50.0901],[14.47334,50.09104],[14.47511,50.09162],[14.4771,50.09428],[14.47562,50.09639]]]}},{"type":"Feature","properties":{"cislo":3039,"mco":"Praha 3"},"geometry":{"type":"Polygon","coordinates":[[[14.47334,50.09104],[14.47041,50.09052],[14.47161,50.08999],[14.47399,50.08965],[14.47334,50.09104]]]}},{"type":"Feature","properties":{"cislo":3040,"mco":"Praha 3"},"geometry":{"type":"Polygon","coordinates":[[[14.4752,50.09135],[14.47511,50.09162],[14.47334,50.09104],[14.47399,50.08965],[14.47486,50.08849],[14.4752,50.09135]]]}},{"type":"Feature","properties":{"cislo":3041,"mco":"Praha 3"},"geometry":{"type":"Polygon","coordinates":[[[14.47993,50.09178],[14.4752,50.09135],[14.47486,50.08849],[14.47405,50.08745],[14.47984,50.08874],[14.48393,50.09014],[14.47993,50.09178]]]}},{"type":"Feature","properties":{"cislo":3042,"mco":"Praha 3"},"geometry":{"type":"Polygon","coordinates":[[[14.47562,50.09639],[14.4771,50.09428],[14.47511,50.09162],[14.4752,50.09135],[14.47993,50.09178],[14.48139,50.09227],[14.47923,50.09665],[14.47886,50.0972],[14.47856,50.09778],[14.47562,50.09639]]]}},{"type":"Feature","properties":{"cislo":3043,"mco":"Praha 3"},"geometry":{"type":"Polygon","coordinates":[[[14.48625,50.09259],[14.48983,50.09512],[14.4855,50.09777],[14.48217,50.09742],[14.47923,50.09665],[14.48139,50.09227],[14.48625,50.09259]]]}},{"type":"Feature","properties":{"cislo":3044,"mco":"Praha 3"},"geometry":{"type":"Polygon","coordinates":[[[14.48139,50.09227],[14.47993,50.09178],[14.48393,50.09014],[14.48897,50.09119],[14.49002,50.09217],[14.48625,50.09259],[14.48139,50.09227]]]}},{"type":"Feature","properties":{"cislo":3045,"mco":"Praha 3"},"geometry":{"type":"Polygon","coordinates":[[[14.48393,50.09014],[14.48559,50.08698],[14.48766,50.08693],[14.48897,50.09119],[14.48393,50.09014]]]}},{"type":"Feature","properties":{"cislo":3046,"mco":"Praha 3"},"geometry":{"type":"Polygon","coordinates":[[[14.49002,50.09217],[14.48897,50.09119],[14.48766,50.08693],[14.49174,50.08742],[14.49341,50.08779],[14.49351,50.08854],[14.49027,50.09111],[14.4911,50.09204],[14.49002,50.09217]]]}},{"type":"Feature","properties":{"cislo":3047,"mco":"Praha 3"},"geometry":{"type":"Polygon","coordinates":[[[14.49836,50.09185],[14.49791,50.09149],[14.4983,50.09044],[14.49351,50.08854],[14.49341,50.08779],[14.50338,50.08974],[14.49836,50.09185]]]}},{"type":"Feature","properties":{"cislo":3048,"mco":"Praha 3"},"geometry":{"type":"Polygon","coordinates":[[[14.49027,50.09111],[14.49351,50.08854],[14.4983,50.09044],[14.49791,50.09149],[14.49386,50.09033],[14.49027,50.09111]]]}},{"type":"Feature","properties":{"cislo":3049,"mco":"Praha 3"},"geometry":{"type":"Polygon","coordinates":[[[14.49226,50.09228],[14.4911,50.09204],[14.49027,50.09111],[14.49386,50.09033],[14.49791,50.09149],[14.49836,50.09185],[14.49621,50.09505],[14.49626,50.09266],[14.49226,50.09228]]]}},{"type":"Feature","properties":{"cislo":3050,"mco":"Praha 3"},"geometry":{"type":"Polygon","coordinates":[[[14.49603,50.09577],[14.49127,50.09417],[14.49226,50.09228],[14.49626,50.09266],[14.49621,50.09505],[14.49603,50.09577]]]}},{"type":"Feature","properties":{"cislo":3051,"mco":"Praha 3"},"geometry":{"type":"Polygon","coordinates":[[[14.48862,50.0983],[14.4855,50.09777],[14.48983,50.09512],[14.48625,50.09259],[14.4911,50.09204],[14.49226,50.09228],[14.49127,50.09417],[14.49603,50.09577],[14.49603,50.09646],[14.49395,50.09896],[14.48862,50.0983]]]}},{"type":"Feature","properties":{"cislo":28001,"mco":"Praha-Dolní Chabry"},"geometry":{"type":"Polygon","coordinates":[[[14.45934,50.14494],[14.44989,50.1462],[14.45137,50.13737],[14.44881,50.13688],[14.44983,50.13542],[14.45241,50.13538],[14.4565,50.1371],[14.45607,50.14096],[14.46292,50.14313],[14.45934,50.14494]]]}},{"type":"Feature","properties":{"cislo":28002,"mco":"Praha-Dolní Chabry"},"geometry":{"type":"Polygon","coordinates":[[[14.44013,50.14845],[14.43886,50.15049],[14.43555,50.15003],[14.43367,50.1451],[14.43827,50.14541],[14.43848,50.14375],[14.44092,50.14272],[14.44329,50.14326],[14.44267,50.14476],[14.44989,50.1462],[14.45934,50.14494],[14.45338,50.14703],[14.44494,50.14554],[14.44501,50.1483],[14.44013,50.14845]]]}},{"type":"Feature","properties":{"cislo":27001,"mco":"Praha-Ďáblice"},"geometry":{"type":"Polygon","coordinates":[[[14.47986,50.13977],[14.47854,50.14271],[14.48303,50.14807],[14.46706,50.15234],[14.46794,50.14439],[14.46292,50.14313],[14.45607,50.14096],[14.4565,50.1371],[14.46145,50.13281],[14.4705,50.13567],[14.4743,50.1371],[14.4733,50.13826],[14.47682,50.14036],[14.47986,50.13977]]]}},{"type":"Feature","properties":{"cislo":27002,"mco":"Praha-Ďáblice"},"geometry":{"type":"Polygon","coordinates":[[[14.50245,50.16409],[14.49955,50.16444],[14.49582,50.16209],[14.48915,50.164],[14.48887,50.16162],[14.46968,50.16064],[14.46892,50.15357],[14.46709,50.15358],[14.46706,50.15234],[14.48303,50.14807],[14.47854,50.14271],[14.47986,50.13977],[14.47863,50.13831],[14.48748,50.13828],[14.4888,50.13542],[14.49471,50.13616],[14.49775,50.13645],[14.4971,50.14063],[14.49656,50.14241],[14.50437,50.14248],[14.50437,50.14447],[14.49718,50.14879],[14.50465,50.15328],[14.50361,50.15551],[14.5065,50.15581],[14.50562,50.15875],[14.50281,50.15928],[14.50245,50.16409]]]}},{"type":"Feature","properties":{"cislo":21001,"mco":"Praha 21"},"geometry":{"type":"Polygon","coordinates":[[[14.65886,50.08678],[14.63683,50.08503],[14.63453,50.08262],[14.63506,50.08009],[14.64776,50.07852],[14.64902,50.0817],[14.65579,50.08067],[14.65886,50.08678]]]}},{"type":"Feature","properties":{"cislo":21002,"mco":"Praha 21"},"geometry":{"type":"Polygon","coordinates":[[[14.65579,50.08067],[14.64902,50.0817],[14.64776,50.07852],[14.64078,50.07939],[14.64192,50.0741],[14.63941,50.07255],[14.64335,50.07122],[14.64671,50.07659],[14.65382,50.07412],[14.65561,50.07718],[14.65579,50.08067]]]}},{"type":"Feature","properties":{"cislo":21003,"mco":"Praha 21"},"geometry":{"type":"Polygon","coordinates":[[[14.65579,50.08067],[14.65561,50.07718],[14.66105,50.07617],[14.65981,50.07182],[14.66599,50.07074],[14.66514,50.07543],[14.67028,50.08751],[14.66531,50.08727],[14.65886,50.08678],[14.65579,50.08067]]]}},{"type":"Feature","properties":{"cislo":21004,"mco":"Praha 21"},"geometry":{"type":"Polygon","coordinates":[[[14.68979,50.09609],[14.68587,50.08543],[14.67028,50.08751],[14.66514,50.07543],[14.68064,50.07313],[14.69093,50.07209],[14.6967,50.07203],[14.70006,50.0722],[14.70686,50.08709],[14.70399,50.09181],[14.68979,50.09609]]]}},{"type":"Feature","properties":{"cislo":21005,"mco":"Praha 21"},"geometry":{"type":"Polygon","coordinates":[[[14.64335,50.07122],[14.65038,50.07014],[14.66069,50.06281],[14.66675,50.06388],[14.66599,50.07074],[14.65981,50.07182],[14.66105,50.07617],[14.65561,50.07718],[14.65382,50.07412],[14.64671,50.07659],[14.64335,50.07122]]]}},{"type":"Feature","properties":{"cislo":21006,"mco":"Praha 21"},"geometry":{"type":"Polygon","coordinates":[[[14.66514,50.07543],[14.66599,50.07074],[14.66675,50.06388],[14.67071,50.06595],[14.67961,50.0723],[14.68064,50.07313],[14.66514,50.07543]]]}},{"type":"Feature","properties":{"cislo":21007,"mco":"Praha 21"},"geometry":{"type":"Polygon","coordinates":[[[14.67961,50.0723],[14.67071,50.06595],[14.6812,50.06916],[14.67961,50.0723]]]}},{"type":"Feature","properties":{"cislo":21008,"mco":"Praha 21"},"geometry":{"type":"Polygon","coordinates":[[[14.67961,50.0723],[14.6812,50.06916],[14.68921,50.07125],[14.69093,50.07209],[14.68064,50.07313],[14.67961,50.0723]]]}},{"type":"Feature","properties":{"cislo":54001,"mco":"Praha-Velká Chuchle"},"geometry":{"type":"Polygon","coordinates":[[[14.38956,50.01669],[14.3887,50.01149],[14.37659,50.007],[14.36917,50.00647],[14.36857,50.00463],[14.37175,50.00289],[14.3691,50.00018],[14.37605,49.99508],[14.37628,49.99497],[14.38115,50.00064],[14.38643,49.99888],[14.38964,50.00228],[14.39644,50.0023],[14.39789,50.00349],[14.39564,50.00444],[14.39603,50.00612],[14.3987,50.00622],[14.39688,50.00864],[14.39843,50.00897],[14.3963,50.01648],[14.38956,50.01669]]]}},{"type":"Feature","properties":{"cislo":54002,"mco":"Praha-Velká Chuchle"},"geometry":{"type":"Polygon","coordinates":[[[14.37637,50.0238],[14.37163,50.02144],[14.37349,50.02007],[14.36869,50.01746],[14.36695,50.00725],[14.36905,50.00756],[14.36917,50.00647],[14.37659,50.007],[14.3887,50.01149],[14.38956,50.01669],[14.39077,50.01857],[14.38418,50.01857],[14.38226,50.02293],[14.37911,50.02481],[14.37637,50.0238]]]}},{"type":"Feature","properties":{"cislo":54003,"mco":"Praha-Velká Chuchle"},"geometry":{"type":"Polygon","coordinates":[[[14.37923,50.02913],[14.37449,50.02708],[14.37637,50.0238],[14.37911,50.02481],[14.38226,50.02293],[14.38418,50.01857],[14.39077,50.01857],[14.38956,50.01669],[14.3963,50.01648],[14.39594,50.01893],[14.39799,50.02853],[14.40006,50.03104],[14.38989,50.02704],[14.38256,50.02669],[14.37923,50.02913]]]}},{"type":"Feature","properties":{"cislo":13053,"mco":"Praha 13"},"geometry":{"type":"Polygon","coordinates":[[[14.32104,50.04946],[14.32988,50.04856],[14.33224,50.04963],[14.32104,50.04946]]]}},{"type":"Feature","properties":{"cislo":13054,"mco":"Praha 13"},"geometry":{"type":"Polygon","coordinates":[[[14.32582,50.03841],[14.3274,50.03559],[14.33015,50.03587],[14.33071,50.03805],[14.32942,50.03979],[14.32582,50.03841]]]}},{"type":"Feature","properties":{"cislo":3052,"mco":"Praha 3"},"geometry":{"type":"Polygon","coordinates":[[[14.47984,50.08874],[14.48215,50.0835],[14.49199,50.08706],[14.49174,50.08742],[14.48766,50.08693],[14.48559,50.08698],[14.48393,50.09014],[14.47984,50.08874]]]}},{"type":"Feature","properties":{"cislo":28003,"mco":"Praha-Dolní Chabry"},"geometry":{"type":"Polygon","coordinates":[[[14.43608,50.15917],[14.42838,50.15714],[14.42905,50.15359],[14.42009,50.15304],[14.42258,50.14991],[14.43644,50.152],[14.43555,50.15003],[14.43886,50.15049],[14.44013,50.14845],[14.44501,50.1483],[14.44494,50.14554],[14.45338,50.14703],[14.45934,50.14494],[14.46292,50.14313],[14.46794,50.14439],[14.46706,50.15234],[14.46709,50.15358],[14.46705,50.15468],[14.46109,50.15466],[14.46051,50.15907],[14.43676,50.15758],[14.43608,50.15917]]]}},{"type":"Feature","properties":{"cislo":6001,"mco":"Praha 6"},"geometry":{"type":"Polygon","coordinates":[[[14.40542,50.11394],[14.39503,50.12188],[14.39388,50.11629],[14.39474,50.11196],[14.3991,50.1094],[14.40664,50.10705],[14.40584,50.10846],[14.40844,50.11087],[14.40555,50.11147],[14.40542,50.11394]]]}},{"type":"Feature","properties":{"cislo":6002,"mco":"Praha 6"},"geometry":{"type":"Polygon","coordinates":[[[14.39388,50.11629],[14.39188,50.11539],[14.39283,50.11377],[14.3943,50.11034],[14.39526,50.10883],[14.3991,50.1094],[14.39474,50.11196],[14.39388,50.11629]]]}},{"type":"Feature","properties":{"cislo":38001,"mco":"Praha-Libuš"},"geometry":{"type":"MultiPolygon","coordinates":[[[[14.45326,50.01334],[14.44882,50.01493],[14.4472,50.01347],[14.44513,50.01283],[14.44283,50.01202],[14.44765,50.01142],[14.45067,50.01135],[14.45289,50.01192],[14.45608,50.00888],[14.46184,50.00887],[14.46432,50.00472],[14.4631,50.00899],[14.4604,50.01179],[14.45793,50.01164],[14.45954,50.01306],[14.45652,50.0122],[14.45606,50.01315],[14.45869,50.0129],[14.45764,50.01467],[14.45665,50.01447],[14.45326,50.01334]]],[[[14.46333,50.00431],[14.46665,50.0011],[14.46709,49.99977],[14.4759,49.99842],[14.47357,50.0017],[14.47635,50.00191],[14.4759,50.00444],[14.4718,50.00385],[14.46333,50.00431]]]]}},{"type":"Feature","properties":{"cislo":38002,"mco":"Praha-Libuš"},"geometry":{"type":"Polygon","coordinates":[[[14.46471,50.00095],[14.46176,50.00072],[14.46208,49.99923],[14.45602,49.9994],[14.45832,49.99754],[14.45429,49.99362],[14.45718,49.9913],[14.46029,49.99199],[14.46127,49.99011],[14.46365,49.99086],[14.46297,49.98841],[14.46644,49.98687],[14.46163,49.98534],[14.46714,49.98496],[14.46637,49.98111],[14.47406,49.98048],[14.47377,49.98383],[14.48705,49.98576],[14.4871,49.98766],[14.48465,49.98749],[14.484,49.99249],[14.48315,49.99488],[14.47822,49.99539],[14.4759,49.99842],[14.46709,49.99977],[14.46665,50.0011],[14.46471,50.00095]]]}},{"type":"Feature","properties":{"cislo":38003,"mco":"Praha-Libuš"},"geometry":{"type":"Polygon","coordinates":[[[14.45308,50.00262],[14.4515,50.00039],[14.45602,49.9994],[14.46208,49.99923],[14.46176,50.00072],[14.46471,50.00095],[14.46415,50.0026],[14.46161,50.00253],[14.45308,50.00262]]]}},{"type":"Feature","properties":{"cislo":38004,"mco":"Praha-Libuš"},"geometry":{"type":"Polygon","coordinates":[[[14.46161,50.00253],[14.46415,50.0026],[14.46471,50.00095],[14.46665,50.0011],[14.46333,50.00431],[14.46108,50.0057],[14.46161,50.00253]]]}},{"type":"Feature","properties":{"cislo":38005,"mco":"Praha-Libuš"},"geometry":{"type":"Polygon","coordinates":[[[14.45608,50.00888],[14.45624,50.00849],[14.45643,50.00605],[14.44931,50.00636],[14.44693,50.0067],[14.44979,50.00622],[14.44891,50.00272],[14.45308,50.00262],[14.46161,50.00253],[14.46108,50.0057],[14.46333,50.00431],[14.4718,50.00385],[14.46953,50.00711],[14.46695,50.00697],[14.46629,50.0094],[14.4631,50.00899],[14.46432,50.00472],[14.46184,50.00887],[14.45608,50.00888]]]}},{"type":"Feature","properties":{"cislo":38006,"mco":"Praha-Libuš"},"geometry":{"type":"Polygon","coordinates":[[[14.46953,50.00711],[14.46443,50.01606],[14.46379,50.01585],[14.45764,50.01467],[14.45869,50.0129],[14.45606,50.01315],[14.45652,50.0122],[14.45954,50.01306],[14.45793,50.01164],[14.4604,50.01179],[14.4631,50.00899],[14.46629,50.0094],[14.46695,50.00697],[14.46953,50.00711]]]}},{"type":"Feature","properties":{"cislo":2001,"mco":"Praha 2"},"geometry":{"type":"Polygon","coordinates":[[[14.4349,50.07604],[14.43159,50.07849],[14.43051,50.07716],[14.43029,50.07553],[14.43526,50.0755],[14.43513,50.07594],[14.4349,50.07604]]]}},{"type":"Feature","properties":{"cislo":2002,"mco":"Praha 2"},"geometry":{"type":"Polygon","coordinates":[[[14.43045,50.07379],[14.43231,50.07213],[14.43368,50.0722],[14.43234,50.0755],[14.43029,50.07553],[14.43045,50.07379]]]}},{"type":"Feature","properties":{"cislo":2003,"mco":"Praha 2"},"geometry":{"type":"Polygon","coordinates":[[[14.43288,50.07928],[14.43159,50.07849],[14.4349,50.07604],[14.43633,50.07814],[14.43288,50.07928]]]}},{"type":"Feature","properties":{"cislo":2004,"mco":"Praha 2"},"geometry":{"type":"Polygon","coordinates":[[[14.43726,50.08666],[14.43284,50.08109],[14.43288,50.07928],[14.43633,50.07814],[14.43787,50.0778],[14.43565,50.07927],[14.43737,50.07938],[14.4396,50.08209],[14.44086,50.08523],[14.43933,50.08596],[14.43726,50.08666]]]}},{"type":"Feature","properties":{"cislo":2005,"mco":"Praha 2"},"geometry":{"type":"Polygon","coordinates":[[[14.43787,50.0778],[14.43864,50.07766],[14.4421,50.07783],[14.43737,50.07938],[14.43565,50.07927],[14.43787,50.0778]]]}},{"type":"Feature","properties":{"cislo":2006,"mco":"Praha 2"},"geometry":{"type":"Polygon","coordinates":[[[14.44564,50.08126],[14.44398,50.08157],[14.44483,50.07938],[14.44759,50.07988],[14.44564,50.08126]]]}},{"type":"Feature","properties":{"cislo":2007,"mco":"Praha 2"},"geometry":{"type":"Polygon","coordinates":[[[14.44807,50.0793],[14.44759,50.07988],[14.44483,50.07938],[14.44512,50.07861],[14.44857,50.07835],[14.44826,50.07908],[14.44807,50.0793]]]}},{"type":"Feature","properties":{"cislo":2008,"mco":"Praha 2"},"geometry":{"type":"Polygon","coordinates":[[[14.44512,50.07861],[14.44495,50.0771],[14.44906,50.07723],[14.44857,50.07835],[14.44512,50.07861]]]}},{"type":"Feature","properties":{"cislo":2009,"mco":"Praha 2"},"geometry":{"type":"Polygon","coordinates":[[[14.44398,50.07708],[14.44202,50.07713],[14.44004,50.07623],[14.44064,50.07448],[14.44399,50.07542],[14.44398,50.07708]]]}},{"type":"Feature","properties":{"cislo":2010,"mco":"Praha 2"},"geometry":{"type":"Polygon","coordinates":[[[14.44399,50.07542],[14.44064,50.07448],[14.44045,50.07367],[14.44176,50.07311],[14.44306,50.07264],[14.44402,50.07271],[14.44209,50.07388],[14.44401,50.0745],[14.44399,50.07542]]]}},{"type":"Feature","properties":{"cislo":2011,"mco":"Praha 2"},"geometry":{"type":"Polygon","coordinates":[[[14.44004,50.07623],[14.43775,50.07591],[14.43833,50.07249],[14.44045,50.07367],[14.44064,50.07448],[14.44004,50.07623]]]}},{"type":"Feature","properties":{"cislo":2012,"mco":"Praha 2"},"geometry":{"type":"Polygon","coordinates":[[[14.43737,50.07938],[14.4421,50.07783],[14.44202,50.07713],[14.44495,50.0771],[14.44512,50.07861],[14.44398,50.08157],[14.4396,50.08209],[14.43737,50.07938]]]}},{"type":"Feature","properties":{"cislo":2013,"mco":"Praha 2"},"geometry":{"type":"Polygon","coordinates":[[[14.43633,50.07814],[14.4349,50.07604],[14.43513,50.07594],[14.43775,50.07591],[14.43911,50.07609],[14.43864,50.07766],[14.43633,50.07814]]]}},{"type":"Feature","properties":{"cislo":2014,"mco":"Praha 2"},"geometry":{"type":"Polygon","coordinates":[[[14.43864,50.07766],[14.43911,50.07609],[14.44004,50.07623],[14.44202,50.07713],[14.4421,50.07783],[14.43864,50.07766]]]}},{"type":"Feature","properties":{"cislo":2015,"mco":"Praha 2"},"geometry":{"type":"Polygon","coordinates":[[[14.44398,50.07708],[14.44401,50.0745],[14.44593,50.07451],[14.44863,50.07543],[14.44913,50.07543],[14.44906,50.07723],[14.44398,50.07708]]]}},{"type":"Feature","properties":{"cislo":2016,"mco":"Praha 2"},"geometry":{"type":"Polygon","coordinates":[[[14.44401,50.0745],[14.44209,50.07388],[14.44402,50.07271],[14.44595,50.07272],[14.44593,50.07451],[14.44401,50.0745]]]}},{"type":"Feature","properties":{"cislo":2017,"mco":"Praha 2"},"geometry":{"type":"Polygon","coordinates":[[[14.44593,50.07451],[14.44595,50.07272],[14.44928,50.07276],[14.44935,50.07424],[14.44863,50.07543],[14.44593,50.07451]]]}},{"type":"Feature","properties":{"cislo":2018,"mco":"Praha 2"},"geometry":{"type":"Polygon","coordinates":[[[14.43775,50.07591],[14.43513,50.07594],[14.43655,50.07186],[14.43833,50.07249],[14.43775,50.07591]]]}},{"type":"Feature","properties":{"cislo":2019,"mco":"Praha 2"},"geometry":{"type":"Polygon","coordinates":[[[14.43234,50.0755],[14.43368,50.0722],[14.43616,50.07292],[14.43526,50.0755],[14.43234,50.0755]]]}},{"type":"Feature","properties":{"cislo":2020,"mco":"Praha 2"},"geometry":{"type":"Polygon","coordinates":[[[14.43368,50.0722],[14.43231,50.07213],[14.431,50.06948],[14.4338,50.07059],[14.43333,50.06887],[14.43531,50.06935],[14.43368,50.0722]]]}},{"type":"Feature","properties":{"cislo":2021,"mco":"Praha 2"},"geometry":{"type":"Polygon","coordinates":[[[14.43368,50.0722],[14.43531,50.06935],[14.43599,50.06937],[14.43655,50.07004],[14.43655,50.07186],[14.43616,50.07292],[14.43368,50.0722]]]}},{"type":"Feature","properties":{"cislo":2022,"mco":"Praha 2"},"geometry":{"type":"Polygon","coordinates":[[[14.43833,50.07249],[14.43655,50.07186],[14.43655,50.07004],[14.43969,50.07107],[14.44176,50.07311],[14.44045,50.07367],[14.43833,50.07249]]]}},{"type":"Feature","properties":{"cislo":2023,"mco":"Praha 2"},"geometry":{"type":"Polygon","coordinates":[[[14.44176,50.07311],[14.43969,50.07107],[14.44155,50.07037],[14.44287,50.07221],[14.44306,50.07264],[14.44176,50.07311]]]}},{"type":"Feature","properties":{"cislo":2024,"mco":"Praha 2"},"geometry":{"type":"Polygon","coordinates":[[[14.43969,50.07107],[14.43655,50.07004],[14.43599,50.06937],[14.43688,50.0681],[14.44094,50.06649],[14.44521,50.06794],[14.44865,50.06832],[14.44711,50.0701],[14.44373,50.07153],[14.44287,50.07221],[14.44155,50.07037],[14.43969,50.07107]]]}},{"type":"Feature","properties":{"cislo":2025,"mco":"Praha 2"},"geometry":{"type":"Polygon","coordinates":[[[14.431,50.06948],[14.43115,50.0682],[14.42894,50.06844],[14.42339,50.0659],[14.42807,50.06674],[14.43098,50.06675],[14.43482,50.06828],[14.43625,50.06681],[14.43688,50.0681],[14.43599,50.06937],[14.43531,50.06935],[14.43333,50.06887],[14.4338,50.07059],[14.431,50.06948]]]}},{"type":"Feature","properties":{"cislo":2026,"mco":"Praha 2"},"geometry":{"type":"Polygon","coordinates":[[[14.43098,50.06675],[14.43334,50.06722],[14.4351,50.06585],[14.43625,50.06681],[14.43482,50.06828],[14.43098,50.06675]]]}},{"type":"Feature","properties":{"cislo":2027,"mco":"Praha 2"},"geometry":{"type":"Polygon","coordinates":[[[14.43334,50.06722],[14.43098,50.06675],[14.42807,50.06674],[14.42809,50.06613],[14.43354,50.06512],[14.4351,50.06585],[14.43334,50.06722]]]}},{"type":"Feature","properties":{"cislo":2028,"mco":"Praha 2"},"geometry":{"type":"Polygon","coordinates":[[[14.42809,50.06613],[14.42691,50.06463],[14.43021,50.0646],[14.43052,50.06454],[14.43354,50.06512],[14.42809,50.06613]]]}},{"type":"Feature","properties":{"cislo":2029,"mco":"Praha 2"},"geometry":{"type":"Polygon","coordinates":[[[14.42807,50.06674],[14.42339,50.0659],[14.42326,50.06571],[14.42691,50.06463],[14.42809,50.06613],[14.42807,50.06674]]]}},{"type":"Feature","properties":{"cislo":2030,"mco":"Praha 2"},"geometry":{"type":"Polygon","coordinates":[[[14.42326,50.06571],[14.42173,50.06478],[14.42485,50.0623],[14.43021,50.0646],[14.42691,50.06463],[14.42326,50.06571]]]}},{"type":"Feature","properties":{"cislo":2031,"mco":"Praha 2"},"geometry":{"type":"Polygon","coordinates":[[[14.41713,50.06768],[14.4135,50.06717],[14.41588,50.06188],[14.41856,50.06326],[14.42351,50.06151],[14.42441,50.06171],[14.42485,50.0623],[14.42173,50.06478],[14.42326,50.06571],[14.42333,50.06581],[14.41713,50.06768]]]}},{"type":"Feature","properties":{"cislo":2032,"mco":"Praha 2"},"geometry":{"type":"Polygon","coordinates":[[[14.4168,50.06939],[14.41665,50.07081],[14.41298,50.06914],[14.4135,50.06717],[14.41713,50.06768],[14.4168,50.06939]]]}},{"type":"Feature","properties":{"cislo":2033,"mco":"Praha 2"},"geometry":{"type":"Polygon","coordinates":[[[14.42961,50.06946],[14.42775,50.06925],[14.42804,50.07173],[14.42241,50.07069],[14.42316,50.07285],[14.42027,50.07146],[14.41836,50.07209],[14.41864,50.06979],[14.4168,50.06939],[14.41713,50.06768],[14.42333,50.06581],[14.42339,50.0659],[14.42894,50.06844],[14.42961,50.06946]]]}},{"type":"Feature","properties":{"cislo":2034,"mco":"Praha 2"},"geometry":{"type":"Polygon","coordinates":[[[14.41227,50.07293],[14.4124,50.07237],[14.41272,50.07031],[14.41298,50.06914],[14.41665,50.07081],[14.4168,50.06939],[14.41864,50.06979],[14.41836,50.07209],[14.41861,50.07358],[14.41752,50.0738],[14.41227,50.07293]]]}},{"type":"Feature","properties":{"cislo":2035,"mco":"Praha 2"},"geometry":{"type":"Polygon","coordinates":[[[14.43231,50.07213],[14.43045,50.07379],[14.42941,50.07246],[14.42961,50.06946],[14.42894,50.06844],[14.43115,50.0682],[14.431,50.06948],[14.43231,50.07213]]]}},{"type":"Feature","properties":{"cislo":2036,"mco":"Praha 2"},"geometry":{"type":"Polygon","coordinates":[[[14.42671,50.07732],[14.42848,50.07557],[14.42733,50.07301],[14.42941,50.07246],[14.43045,50.07379],[14.43029,50.07553],[14.43051,50.07716],[14.42671,50.07732]]]}},{"type":"Feature","properties":{"cislo":2037,"mco":"Praha 2"},"geometry":{"type":"Polygon","coordinates":[[[14.42169,50.07574],[14.42272,50.07373],[14.41861,50.07358],[14.41836,50.07209],[14.42027,50.07146],[14.42316,50.07285],[14.42241,50.07069],[14.42804,50.07173],[14.42775,50.06925],[14.42961,50.06946],[14.42941,50.07246],[14.42733,50.07301],[14.42848,50.07557],[14.42593,50.0746],[14.42169,50.07574]]]}},{"type":"Feature","properties":{"cislo":2038,"mco":"Praha 2"},"geometry":{"type":"Polygon","coordinates":[[[14.42184,50.0788],[14.4192,50.0759],[14.42169,50.07574],[14.42593,50.0746],[14.42848,50.07557],[14.42671,50.07732],[14.42134,50.07758],[14.42184,50.0788]]]}},{"type":"Feature","properties":{"cislo":2039,"mco":"Praha 2"},"geometry":{"type":"Polygon","coordinates":[[[14.41968,50.07924],[14.41417,50.0764],[14.4167,50.07583],[14.4192,50.0759],[14.42184,50.0788],[14.42208,50.07916],[14.41968,50.07924]]]}},{"type":"Feature","properties":{"cislo":2040,"mco":"Praha 2"},"geometry":{"type":"Polygon","coordinates":[[[14.41417,50.0764],[14.41158,50.07567],[14.41205,50.07363],[14.41227,50.07293],[14.41752,50.0738],[14.41509,50.07425],[14.41478,50.0757],[14.4167,50.07583],[14.41417,50.0764]]]}},{"type":"Feature","properties":{"cislo":2041,"mco":"Praha 2"},"geometry":{"type":"Polygon","coordinates":[[[14.41752,50.0738],[14.41861,50.07358],[14.42272,50.07373],[14.42169,50.07574],[14.4192,50.0759],[14.4167,50.07583],[14.41478,50.0757],[14.41509,50.07425],[14.41752,50.0738]]]}},{"type":"Feature","properties":{"cislo":12001,"mco":"Praha 12"},"geometry":{"type":"Polygon","coordinates":[[[14.41418,50.01703],[14.40955,50.01662],[14.40962,50.01547],[14.41227,50.01311],[14.41156,50.01149],[14.41515,50.00969],[14.41642,50.01162],[14.41736,50.01407],[14.41698,50.01552],[14.41418,50.01703]]]}},{"type":"Feature","properties":{"cislo":12002,"mco":"Praha 12"},"geometry":{"type":"Polygon","coordinates":[[[14.40962,50.01547],[14.40733,50.01319],[14.40785,50.01026],[14.41282,50.00823],[14.41567,50.00773],[14.4152,50.00934],[14.41515,50.00969],[14.41156,50.01149],[14.41227,50.01311],[14.40962,50.01547]]]}},{"type":"Feature","properties":{"cislo":12003,"mco":"Praha 12"},"geometry":{"type":"Polygon","coordinates":[[[14.3963,50.01648],[14.39843,50.00897],[14.40087,50.00513],[14.40371,50.00782],[14.40547,50.00684],[14.41282,50.00823],[14.40785,50.01026],[14.40733,50.01319],[14.40962,50.01547],[14.40955,50.01662],[14.40802,50.01645],[14.39594,50.01893],[14.3963,50.01648]]]}},{"type":"Feature","properties":{"cislo":12004,"mco":"Praha 12"},"geometry":{"type":"Polygon","coordinates":[[[14.41282,50.00823],[14.40547,50.00684],[14.40371,50.00782],[14.40087,50.00513],[14.40186,50.00344],[14.40366,50.00356],[14.40667,50.00467],[14.40673,50.00342],[14.40924,50.00344],[14.41261,50.00531],[14.41438,50.00337],[14.41331,50.00644],[14.41592,50.00702],[14.41567,50.00773],[14.41282,50.00823]]]}},{"type":"Feature","properties":{"cislo":12005,"mco":"Praha 12"},"geometry":{"type":"Polygon","coordinates":[[[14.41592,50.00702],[14.41331,50.00644],[14.41438,50.00337],[14.41261,50.00531],[14.40924,50.00344],[14.40673,50.00342],[14.40667,50.00467],[14.40366,50.00356],[14.40812,50.00233],[14.4132,50.00269],[14.41676,50.00393],[14.41592,50.00702]]]}},{"type":"Feature","properties":{"cislo":12006,"mco":"Praha 12"},"geometry":{"type":"Polygon","coordinates":[[[14.40186,50.00344],[14.40283,49.99856],[14.41025,49.99825],[14.40904,49.99966],[14.41385,50.00045],[14.41342,50.00204],[14.41689,49.99946],[14.4181,50.00202],[14.41698,50.00373],[14.41676,50.00393],[14.4132,50.00269],[14.40812,50.00233],[14.40366,50.00356],[14.40186,50.00344]]]}},{"type":"Feature","properties":{"cislo":12007,"mco":"Praha 12"},"geometry":{"type":"Polygon","coordinates":[[[14.41689,49.99946],[14.41342,50.00204],[14.41385,50.00045],[14.40904,49.99966],[14.41025,49.99825],[14.40283,49.99856],[14.40213,49.99642],[14.40604,49.99648],[14.40547,49.99463],[14.40954,49.99247],[14.4066,49.99445],[14.41908,49.99532],[14.41863,49.99776],[14.41689,49.99946]]]}},{"type":"Feature","properties":{"cislo":12008,"mco":"Praha 12"},"geometry":{"type":"Polygon","coordinates":[[[14.42492,50.00055],[14.42203,50.00216],[14.4181,50.00202],[14.41689,49.99946],[14.41863,49.99776],[14.42492,50.00055]]]}},{"type":"Feature","properties":{"cislo":12009,"mco":"Praha 12"},"geometry":{"type":"Polygon","coordinates":[[[14.42717,50.00103],[14.42492,50.00055],[14.41863,49.99776],[14.41908,49.99532],[14.42724,49.9949],[14.42979,49.99889],[14.42717,50.00103]]]}},{"type":"Feature","properties":{"cislo":12010,"mco":"Praha 12"},"geometry":{"type":"Polygon","coordinates":[[[14.43574,50.00529],[14.4344,50.00231],[14.43094,50.00218],[14.42717,50.00103],[14.42979,49.99889],[14.42724,49.9949],[14.42886,49.99306],[14.43129,49.99135],[14.43387,49.99223],[14.43637,49.99669],[14.43768,49.99751],[14.43922,49.99576],[14.44891,50.00272],[14.44979,50.00622],[14.44693,50.0067],[14.44931,50.00636],[14.44533,50.00695],[14.44158,50.00687],[14.43574,50.00529]]]}},{"type":"Feature","properties":{"cislo":12011,"mco":"Praha 12"},"geometry":{"type":"Polygon","coordinates":[[[14.42848,50.00498],[14.4278,50.0023],[14.43094,50.00218],[14.4344,50.00231],[14.43574,50.00529],[14.43379,50.00532],[14.43135,50.00587],[14.42848,50.00498]]]}},{"type":"Feature","properties":{"cislo":12012,"mco":"Praha 12"},"geometry":{"type":"Polygon","coordinates":[[[14.427,50.00679],[14.4208,50.00516],[14.41698,50.00373],[14.4181,50.00202],[14.42203,50.00216],[14.42492,50.00055],[14.42717,50.00103],[14.43094,50.00218],[14.4278,50.0023],[14.42848,50.00498],[14.427,50.00679]]]}},{"type":"Feature","properties":{"cislo":12013,"mco":"Praha 12"},"geometry":{"type":"Polygon","coordinates":[[[14.40213,49.99642],[14.39866,49.98446],[14.39729,49.97501],[14.40354,49.97683],[14.40994,49.99007],[14.4125,49.98968],[14.41051,49.98879],[14.41705,49.98905],[14.42103,49.99162],[14.42886,49.99306],[14.42724,49.9949],[14.41908,49.99532],[14.4066,49.99445],[14.40954,49.99247],[14.40547,49.99463],[14.40604,49.99648],[14.40213,49.99642]]]}},{"type":"Feature","properties":{"cislo":12014,"mco":"Praha 12"},"geometry":{"type":"Polygon","coordinates":[[[14.40354,49.97683],[14.4067,49.97733],[14.40735,49.97562],[14.41554,49.97827],[14.41366,49.97962],[14.41818,49.98212],[14.41541,49.98752],[14.41705,49.98905],[14.41051,49.98879],[14.4125,49.98968],[14.40994,49.99007],[14.40354,49.97683]]]}},{"type":"Feature","properties":{"cislo":12015,"mco":"Praha 12"},"geometry":{"type":"Polygon","coordinates":[[[14.41818,49.98212],[14.41366,49.97962],[14.41554,49.97827],[14.40735,49.97562],[14.40551,49.97521],[14.40576,49.97222],[14.40282,49.97259],[14.40254,49.97064],[14.41692,49.96398],[14.42781,49.96458],[14.4303,49.96691],[14.44133,49.96941],[14.44467,49.97394],[14.43468,49.98125],[14.43367,49.98578],[14.43097,49.98645],[14.42959,49.98943],[14.42743,49.9894],[14.42682,49.98689],[14.42036,49.98629],[14.42416,49.97981],[14.41818,49.98212]]]}},{"type":"Feature","properties":{"cislo":12016,"mco":"Praha 12"},"geometry":{"type":"Polygon","coordinates":[[[14.45308,50.00262],[14.44891,50.00272],[14.43922,49.99576],[14.43768,49.99751],[14.43637,49.99669],[14.43387,49.99223],[14.43129,49.99135],[14.42886,49.99306],[14.42103,49.99162],[14.41705,49.98905],[14.41541,49.98752],[14.41818,49.98212],[14.42416,49.97981],[14.42036,49.98629],[14.42682,49.98689],[14.42743,49.9894],[14.42959,49.98943],[14.43097,49.98645],[14.43367,49.98578],[14.43468,49.98125],[14.44467,49.97394],[14.45331,49.97214],[14.46231,49.97085],[14.46492,49.97525],[14.46637,49.98111],[14.46714,49.98496],[14.46163,49.98534],[14.46644,49.98687],[14.46297,49.98841],[14.46365,49.99086],[14.46127,49.99011],[14.46029,49.99199],[14.45718,49.9913],[14.45429,49.99362],[14.45832,49.99754],[14.45602,49.9994],[14.4515,50.00039],[14.45308,50.00262]]]}},{"type":"Feature","properties":{"cislo":12017,"mco":"Praha 12"},"geometry":{"type":"Polygon","coordinates":[[[14.43972,50.00868],[14.43513,50.00789],[14.43379,50.00532],[14.43574,50.00529],[14.44158,50.00687],[14.4409,50.00836],[14.43972,50.00868]]]}},{"type":"Feature","properties":{"cislo":12018,"mco":"Praha 12"},"geometry":{"type":"Polygon","coordinates":[[[14.43513,50.00789],[14.43329,50.00761],[14.43135,50.00587],[14.43379,50.00532],[14.43513,50.00789]]]}},{"type":"Feature","properties":{"cislo":12019,"mco":"Praha 12"},"geometry":{"type":"Polygon","coordinates":[[[14.43329,50.00761],[14.43141,50.00868],[14.42736,50.00781],[14.427,50.00679],[14.42848,50.00498],[14.43135,50.00587],[14.43329,50.00761]]]}},{"type":"Feature","properties":{"cislo":12020,"mco":"Praha 12"},"geometry":{"type":"Polygon","coordinates":[[[14.42899,50.01236],[14.43011,50.01135],[14.42855,50.01105],[14.42679,50.00967],[14.42736,50.00781],[14.43141,50.00868],[14.43329,50.00761],[14.43972,50.00868],[14.43409,50.01058],[14.43518,50.01122],[14.42899,50.01236]]]}},{"type":"Feature","properties":{"cislo":12021,"mco":"Praha 12"},"geometry":{"type":"Polygon","coordinates":[[[14.42435,50.00832],[14.42275,50.00773],[14.42345,50.00666],[14.42048,50.00586],[14.4208,50.00516],[14.427,50.00679],[14.42736,50.00781],[14.42679,50.00967],[14.42435,50.00832]]]}},{"type":"Feature","properties":{"cislo":12022,"mco":"Praha 12"},"geometry":{"type":"Polygon","coordinates":[[[14.42482,50.01123],[14.42012,50.01065],[14.42109,50.00927],[14.42435,50.00832],[14.42679,50.00967],[14.42855,50.01105],[14.42482,50.01123]]]}},{"type":"Feature","properties":{"cislo":12023,"mco":"Praha 12"},"geometry":{"type":"Polygon","coordinates":[[[14.42109,50.00927],[14.41896,50.00803],[14.41782,50.00729],[14.42275,50.00773],[14.42435,50.00832],[14.42109,50.00927]]]}},{"type":"Feature","properties":{"cislo":12024,"mco":"Praha 12"},"geometry":{"type":"Polygon","coordinates":[[[14.42275,50.00773],[14.42009,50.00748],[14.42048,50.00586],[14.42345,50.00666],[14.42275,50.00773]]]}},{"type":"Feature","properties":{"cislo":12025,"mco":"Praha 12"},"geometry":{"type":"Polygon","coordinates":[[[14.42012,50.01065],[14.4152,50.00934],[14.41544,50.00849],[14.41846,50.00911],[14.41896,50.00803],[14.42109,50.00927],[14.42012,50.01065]]]}},{"type":"Feature","properties":{"cislo":12026,"mco":"Praha 12"},"geometry":{"type":"Polygon","coordinates":[[[14.41896,50.00803],[14.41846,50.00911],[14.41544,50.00849],[14.41592,50.00702],[14.41676,50.00393],[14.41698,50.00373],[14.4208,50.00516],[14.42048,50.00586],[14.42009,50.00748],[14.41782,50.00729],[14.41896,50.00803]]]}},{"type":"Feature","properties":{"cislo":12027,"mco":"Praha 12"},"geometry":{"type":"Polygon","coordinates":[[[14.42467,50.01207],[14.41969,50.01186],[14.41642,50.01162],[14.41515,50.00969],[14.4152,50.00934],[14.42012,50.01065],[14.42482,50.01123],[14.42467,50.01207]]]}},{"type":"Feature","properties":{"cislo":12028,"mco":"Praha 12"},"geometry":{"type":"Polygon","coordinates":[[[14.41736,50.01407],[14.41642,50.01162],[14.41969,50.01186],[14.42024,50.01368],[14.41736,50.01407]]]}},{"type":"Feature","properties":{"cislo":12029,"mco":"Praha 12"},"geometry":{"type":"Polygon","coordinates":[[[14.42181,50.01373],[14.42097,50.01488],[14.42387,50.01609],[14.41698,50.01552],[14.41736,50.01407],[14.42024,50.01368],[14.42181,50.01373]]]}},{"type":"Feature","properties":{"cislo":12030,"mco":"Praha 12"},"geometry":{"type":"Polygon","coordinates":[[[14.42181,50.01373],[14.42024,50.01368],[14.41969,50.01186],[14.42467,50.01207],[14.42498,50.01273],[14.42332,50.01314],[14.42335,50.01359],[14.42181,50.01373]]]}},{"type":"Feature","properties":{"cislo":12031,"mco":"Praha 12"},"geometry":{"type":"Polygon","coordinates":[[[14.42335,50.01359],[14.42332,50.01314],[14.42498,50.01273],[14.42707,50.01342],[14.42335,50.01359]]]}},{"type":"Feature","properties":{"cislo":12032,"mco":"Praha 12"},"geometry":{"type":"Polygon","coordinates":[[[14.42713,50.0196],[14.41736,50.01828],[14.41418,50.01703],[14.41698,50.01552],[14.42387,50.01609],[14.42097,50.01488],[14.42181,50.01373],[14.42335,50.01359],[14.42707,50.01342],[14.42498,50.01273],[14.42467,50.01207],[14.42482,50.01123],[14.42855,50.01105],[14.43011,50.01135],[14.42899,50.01236],[14.42835,50.01283],[14.42386,50.01666],[14.42502,50.01792],[14.42687,50.01667],[14.43071,50.01915],[14.42713,50.0196]]]}},{"type":"Feature","properties":{"cislo":12033,"mco":"Praha 12"},"geometry":{"type":"Polygon","coordinates":[[[14.42687,50.01667],[14.42502,50.01792],[14.42386,50.01666],[14.42835,50.01283],[14.43062,50.01362],[14.42977,50.01477],[14.42687,50.01667]]]}},{"type":"Feature","properties":{"cislo":12034,"mco":"Praha 12"},"geometry":{"type":"Polygon","coordinates":[[[14.43208,50.01564],[14.42977,50.01477],[14.43062,50.01362],[14.42835,50.01283],[14.42899,50.01236],[14.43518,50.01122],[14.43673,50.01299],[14.43377,50.01404],[14.43208,50.01564]]]}},{"type":"Feature","properties":{"cislo":12035,"mco":"Praha 12"},"geometry":{"type":"Polygon","coordinates":[[[14.43548,50.0159],[14.43377,50.01404],[14.43673,50.01299],[14.43951,50.01429],[14.43846,50.01551],[14.43748,50.01587],[14.43548,50.0159]]]}},{"type":"Feature","properties":{"cislo":12036,"mco":"Praha 12"},"geometry":{"type":"Polygon","coordinates":[[[14.43208,50.01564],[14.43377,50.01404],[14.43548,50.0159],[14.43338,50.01716],[14.43208,50.01564]]]}},{"type":"Feature","properties":{"cislo":12037,"mco":"Praha 12"},"geometry":{"type":"Polygon","coordinates":[[[14.43071,50.01915],[14.42687,50.01667],[14.42977,50.01477],[14.43208,50.01564],[14.43338,50.01716],[14.43548,50.0159],[14.43748,50.01587],[14.43561,50.01798],[14.43537,50.01815],[14.43275,50.01905],[14.43071,50.01915]]]}},{"type":"Feature","properties":{"cislo":12038,"mco":"Praha 12"},"geometry":{"type":"Polygon","coordinates":[[[14.43748,50.01587],[14.43846,50.01551],[14.43929,50.01571],[14.43561,50.01798],[14.43748,50.01587]]]}},{"type":"Feature","properties":{"cislo":12039,"mco":"Praha 12"},"geometry":{"type":"Polygon","coordinates":[[[14.43612,50.01867],[14.43537,50.01815],[14.43929,50.01571],[14.4433,50.01673],[14.44263,50.01781],[14.4391,50.01692],[14.43751,50.01909],[14.43612,50.01867]]]}},{"type":"Feature","properties":{"cislo":12040,"mco":"Praha 12"},"geometry":{"type":"Polygon","coordinates":[[[14.44245,50.0186],[14.4414,50.02159],[14.4392,50.02215],[14.43612,50.01867],[14.43751,50.01909],[14.4391,50.01692],[14.44331,50.01799],[14.44245,50.0186]]]}},{"type":"Feature","properties":{"cislo":12041,"mco":"Praha 12"},"geometry":{"type":"Polygon","coordinates":[[[14.44438,50.02132],[14.44051,50.02308],[14.4392,50.02215],[14.4414,50.02159],[14.44245,50.0186],[14.44457,50.01915],[14.44438,50.02132]]]}},{"type":"Feature","properties":{"cislo":12042,"mco":"Praha 12"},"geometry":{"type":"Polygon","coordinates":[[[14.44245,50.0186],[14.44331,50.01799],[14.44917,50.01821],[14.44565,50.02073],[14.44438,50.02132],[14.44457,50.01915],[14.44245,50.0186]]]}},{"type":"Feature","properties":{"cislo":12043,"mco":"Praha 12"},"geometry":{"type":"Polygon","coordinates":[[[14.44917,50.01821],[14.44331,50.01799],[14.44263,50.01781],[14.4433,50.01673],[14.43846,50.01551],[14.43951,50.01429],[14.4417,50.01358],[14.44297,50.0163],[14.44488,50.01599],[14.4472,50.01347],[14.44882,50.01493],[14.45326,50.01334],[14.44917,50.01821]]]}},{"type":"Feature","properties":{"cislo":12044,"mco":"Praha 12"},"geometry":{"type":"Polygon","coordinates":[[[14.44488,50.01599],[14.44297,50.0163],[14.4417,50.01358],[14.44366,50.0132],[14.44541,50.01514],[14.44488,50.01599]]]}},{"type":"Feature","properties":{"cislo":12045,"mco":"Praha 12"},"geometry":{"type":"Polygon","coordinates":[[[14.44541,50.01514],[14.44366,50.0132],[14.4417,50.01358],[14.43951,50.01429],[14.43673,50.01299],[14.43518,50.01122],[14.43409,50.01058],[14.43972,50.00868],[14.4409,50.00836],[14.44762,50.01094],[14.44765,50.01142],[14.44283,50.01202],[14.44513,50.01283],[14.44541,50.01514]]]}},{"type":"Feature","properties":{"cislo":12046,"mco":"Praha 12"},"geometry":{"type":"Polygon","coordinates":[[[14.4472,50.01347],[14.44488,50.01599],[14.44541,50.01514],[14.44513,50.01283],[14.4472,50.01347]]]}},{"type":"Feature","properties":{"cislo":12047,"mco":"Praha 12"},"geometry":{"type":"Polygon","coordinates":[[[14.44765,50.01142],[14.44762,50.01094],[14.4504,50.00949],[14.45113,50.00979],[14.45067,50.01135],[14.44765,50.01142]]]}},{"type":"Feature","properties":{"cislo":12048,"mco":"Praha 12"},"geometry":{"type":"Polygon","coordinates":[[[14.45289,50.01192],[14.45067,50.01135],[14.45113,50.00979],[14.45445,50.00999],[14.45289,50.01192]]]}},{"type":"Feature","properties":{"cislo":12049,"mco":"Praha 12"},"geometry":{"type":"Polygon","coordinates":[[[14.45289,50.01192],[14.45445,50.00999],[14.45113,50.00979],[14.4504,50.00949],[14.45624,50.00849],[14.45608,50.00888],[14.45289,50.01192]]]}},{"type":"Feature","properties":{"cislo":12050,"mco":"Praha 12"},"geometry":{"type":"Polygon","coordinates":[[[14.4409,50.00836],[14.44158,50.00687],[14.44533,50.00695],[14.44931,50.00636],[14.45643,50.00605],[14.45624,50.00849],[14.4504,50.00949],[14.44762,50.01094],[14.4409,50.00836]]]}},{"type":"Feature","properties":{"cislo":49001,"mco":"Praha-Suchdol"},"geometry":{"type":"Polygon","coordinates":[[[14.35771,50.14067],[14.3542,50.1376],[14.35449,50.13633],[14.35623,50.13671],[14.35716,50.13136],[14.36506,50.13159],[14.37616,50.13362],[14.36789,50.1381],[14.35771,50.14067]]]}},{"type":"Feature","properties":{"cislo":49002,"mco":"Praha-Suchdol"},"geometry":{"type":"Polygon","coordinates":[[[14.35612,50.14071],[14.35771,50.14067],[14.36789,50.1381],[14.37073,50.13933],[14.37491,50.13734],[14.37846,50.13837],[14.37986,50.13954],[14.37788,50.14027],[14.38015,50.13989],[14.38479,50.14222],[14.38708,50.14154],[14.38485,50.14279],[14.38747,50.14556],[14.38495,50.147],[14.37246,50.14757],[14.36578,50.14811],[14.3622,50.14668],[14.35612,50.14071]]]}},{"type":"Feature","properties":{"cislo":49003,"mco":"Praha-Suchdol"},"geometry":{"type":"Polygon","coordinates":[[[14.38747,50.14556],[14.38485,50.14279],[14.38708,50.14154],[14.38479,50.14222],[14.38015,50.13989],[14.37788,50.14027],[14.37986,50.13954],[14.37846,50.13837],[14.3838,50.13431],[14.38394,50.13178],[14.38201,50.13095],[14.38546,50.12837],[14.38908,50.12719],[14.38874,50.12462],[14.39395,50.12274],[14.39651,50.1248],[14.39541,50.12826],[14.3923,50.12899],[14.38846,50.13511],[14.39162,50.13847],[14.39386,50.13835],[14.39817,50.14352],[14.39314,50.14142],[14.38747,50.14556]]]}},{"type":"Feature","properties":{"cislo":49004,"mco":"Praha-Suchdol"},"geometry":{"type":"Polygon","coordinates":[[[14.36789,50.1381],[14.37616,50.13362],[14.38201,50.13095],[14.38394,50.13178],[14.3838,50.13431],[14.37846,50.13837],[14.37491,50.13734],[14.37073,50.13933],[14.36789,50.1381]]]}},{"type":"Feature","properties":{"cislo":49005,"mco":"Praha-Suchdol"},"geometry":{"type":"Polygon","coordinates":[[[14.36506,50.13159],[14.36685,50.1316],[14.36728,50.12899],[14.37601,50.12594],[14.38182,50.12996],[14.38546,50.12837],[14.38201,50.13095],[14.37616,50.13362],[14.36506,50.13159]]]}},{"type":"Feature","properties":{"cislo":6003,"mco":"Praha 6"},"geometry":{"type":"Polygon","coordinates":[[[14.3943,50.11034],[14.39488,50.10557],[14.39603,50.10568],[14.39526,50.10883],[14.3943,50.11034]]]}},{"type":"Feature","properties":{"cislo":6004,"mco":"Praha 6"},"geometry":{"type":"Polygon","coordinates":[[[14.3991,50.1094],[14.39526,50.10883],[14.39603,50.10568],[14.39841,50.10353],[14.40147,50.10428],[14.40597,50.10646],[14.40664,50.10705],[14.3991,50.1094]]]}},{"type":"Feature","properties":{"cislo":6005,"mco":"Praha 6"},"geometry":{"type":"Polygon","coordinates":[[[14.39488,50.10557],[14.39519,50.10309],[14.39841,50.10353],[14.39603,50.10568],[14.39488,50.10557]]]}},{"type":"Feature","properties":{"cislo":6006,"mco":"Praha 6"},"geometry":{"type":"Polygon","coordinates":[[[14.39841,50.10353],[14.39519,50.10309],[14.39549,50.10065],[14.39903,50.10248],[14.39841,50.10353]]]}},{"type":"Feature","properties":{"cislo":6007,"mco":"Praha 6"},"geometry":{"type":"Polygon","coordinates":[[[14.39549,50.10065],[14.3982,50.10079],[14.40038,50.10076],[14.39903,50.10248],[14.39549,50.10065]]]}},{"type":"Feature","properties":{"cislo":6008,"mco":"Praha 6"},"geometry":{"type":"Polygon","coordinates":[[[14.39903,50.10248],[14.40038,50.10076],[14.40258,50.10041],[14.40333,50.10251],[14.40245,50.10266],[14.39903,50.10248]]]}},{"type":"Feature","properties":{"cislo":6009,"mco":"Praha 6"},"geometry":{"type":"Polygon","coordinates":[[[14.39841,50.10353],[14.39903,50.10248],[14.40245,50.10266],[14.40147,50.10428],[14.39841,50.10353]]]}},{"type":"Feature","properties":{"cislo":6010,"mco":"Praha 6"},"geometry":{"type":"Polygon","coordinates":[[[14.40147,50.10428],[14.40245,50.10266],[14.40333,50.10251],[14.40553,50.10337],[14.40466,50.10109],[14.40536,50.09941],[14.40717,50.09958],[14.40766,50.09773],[14.41159,50.09832],[14.4152,50.10116],[14.41823,50.10322],[14.40754,50.10472],[14.40597,50.10646],[14.40147,50.10428]]]}},{"type":"Feature","properties":{"cislo":6011,"mco":"Praha 6"},"geometry":{"type":"Polygon","coordinates":[[[14.40466,50.10109],[14.40553,50.10337],[14.40333,50.10251],[14.40293,50.10137],[14.40466,50.10109]]]}},{"type":"Feature","properties":{"cislo":6012,"mco":"Praha 6"},"geometry":{"type":"Polygon","coordinates":[[[14.40258,50.10041],[14.40199,50.09893],[14.40536,50.09941],[14.40466,50.10109],[14.40293,50.10137],[14.40258,50.10041]]]}},{"type":"Feature","properties":{"cislo":6013,"mco":"Praha 6"},"geometry":{"type":"Polygon","coordinates":[[[14.40766,50.09773],[14.40717,50.09958],[14.40536,50.09941],[14.40417,50.09924],[14.40463,50.09802],[14.40504,50.09738],[14.40766,50.09773]]]}},{"type":"Feature","properties":{"cislo":6014,"mco":"Praha 6"},"geometry":{"type":"Polygon","coordinates":[[[14.3982,50.10079],[14.39964,50.09854],[14.40199,50.09893],[14.40258,50.10041],[14.40038,50.10076],[14.3982,50.10079]]]}},{"type":"Feature","properties":{"cislo":6015,"mco":"Praha 6"},"geometry":{"type":"Polygon","coordinates":[[[14.39964,50.09854],[14.3982,50.10079],[14.39549,50.10065],[14.39964,50.09854]]]}},{"type":"Feature","properties":{"cislo":6016,"mco":"Praha 6"},"geometry":{"type":"Polygon","coordinates":[[[14.39569,50.09898],[14.39598,50.0967],[14.39821,50.09836],[14.39569,50.09898]]]}},{"type":"Feature","properties":{"cislo":6017,"mco":"Praha 6"},"geometry":{"type":"Polygon","coordinates":[[[14.40417,50.09924],[14.39964,50.09854],[14.39984,50.09845],[14.40463,50.09802],[14.40417,50.09924]]]}},{"type":"Feature","properties":{"cislo":6018,"mco":"Praha 6"},"geometry":{"type":"Polygon","coordinates":[[[14.39569,50.09898],[14.39821,50.09836],[14.39984,50.09845],[14.39549,50.10065],[14.39569,50.09898]]]}},{"type":"Feature","properties":{"cislo":6019,"mco":"Praha 6"},"geometry":{"type":"Polygon","coordinates":[[[14.39984,50.09845],[14.39821,50.09836],[14.39598,50.0967],[14.39601,50.09637],[14.39687,50.09508],[14.40504,50.09738],[14.40463,50.09802],[14.39984,50.09845]]]}},{"type":"Feature","properties":{"cislo":6020,"mco":"Praha 6"},"geometry":{"type":"Polygon","coordinates":[[[14.40914,50.09523],[14.40766,50.09773],[14.40504,50.09738],[14.39687,50.09508],[14.39842,50.09338],[14.40577,50.09444],[14.40914,50.09523]]]}},{"type":"Feature","properties":{"cislo":6021,"mco":"Praha 6"},"geometry":{"type":"Polygon","coordinates":[[[14.38984,50.10581],[14.39499,50.10467],[14.39468,50.1071],[14.39123,50.10703],[14.38984,50.10581]]]}},{"type":"Feature","properties":{"cislo":6022,"mco":"Praha 6"},"geometry":{"type":"Polygon","coordinates":[[[14.39116,50.10872],[14.38931,50.10832],[14.38882,50.10636],[14.38984,50.10581],[14.39123,50.10703],[14.39116,50.10872]]]}},{"type":"Feature","properties":{"cislo":6023,"mco":"Praha 6"},"geometry":{"type":"Polygon","coordinates":[[[14.39123,50.10703],[14.39274,50.10706],[14.3937,50.10873],[14.39116,50.10872],[14.39123,50.10703]]]}},{"type":"Feature","properties":{"cislo":6024,"mco":"Praha 6"},"geometry":{"type":"Polygon","coordinates":[[[14.3886,50.11542],[14.38368,50.11291],[14.38568,50.11289],[14.38582,50.11127],[14.38931,50.10832],[14.39116,50.10872],[14.3937,50.10873],[14.39274,50.10706],[14.39468,50.1071],[14.3943,50.11034],[14.39283,50.11377],[14.3886,50.11542]]]}},{"type":"Feature","properties":{"cislo":6025,"mco":"Praha 6"},"geometry":{"type":"Polygon","coordinates":[[[14.38582,50.11127],[14.38289,50.1086],[14.38512,50.10371],[14.38659,50.10326],[14.38882,50.10636],[14.38931,50.10832],[14.38582,50.11127]]]}},{"type":"Feature","properties":{"cislo":6026,"mco":"Praha 6"},"geometry":{"type":"Polygon","coordinates":[[[14.37817,50.11145],[14.38368,50.11291],[14.3886,50.11542],[14.38832,50.11918],[14.3805,50.11674],[14.37555,50.11379],[14.37817,50.11145]]]}},{"type":"Feature","properties":{"cislo":6027,"mco":"Praha 6"},"geometry":{"type":"Polygon","coordinates":[[[14.38368,50.11291],[14.37817,50.11145],[14.37787,50.11066],[14.37974,50.10695],[14.38039,50.10507],[14.38512,50.10371],[14.38289,50.1086],[14.38582,50.11127],[14.38568,50.11289],[14.38368,50.11291]]]}},{"type":"Feature","properties":{"cislo":6028,"mco":"Praha 6"},"geometry":{"type":"Polygon","coordinates":[[[14.37338,50.10795],[14.37405,50.1069],[14.37974,50.10695],[14.37787,50.11066],[14.37338,50.10795]]]}},{"type":"Feature","properties":{"cislo":6029,"mco":"Praha 6"},"geometry":{"type":"Polygon","coordinates":[[[14.37405,50.1069],[14.3732,50.10352],[14.38122,50.10401],[14.38039,50.10507],[14.37974,50.10695],[14.37405,50.1069]]]}},{"type":"Feature","properties":{"cislo":6030,"mco":"Praha 6"},"geometry":{"type":"Polygon","coordinates":[[[14.367,50.10538],[14.37015,50.10305],[14.3732,50.10352],[14.37405,50.1069],[14.37338,50.10795],[14.36772,50.10705],[14.367,50.10538]]]}},{"type":"Feature","properties":{"cislo":6031,"mco":"Praha 6"},"geometry":{"type":"Polygon","coordinates":[[[14.3732,50.10352],[14.37015,50.10305],[14.367,50.10538],[14.36391,50.1038],[14.36508,50.10175],[14.36816,50.10248],[14.37113,50.09987],[14.3732,50.10352]]]}},{"type":"Feature","properties":{"cislo":6032,"mco":"Praha 6"},"geometry":{"type":"Polygon","coordinates":[[[14.36188,50.10189],[14.36402,50.09961],[14.36543,50.09875],[14.37012,50.09912],[14.37113,50.09987],[14.36816,50.10248],[14.36508,50.10175],[14.36391,50.1038],[14.36188,50.10189]]]}},{"type":"Feature","properties":{"cislo":6033,"mco":"Praha 6"},"geometry":{"type":"Polygon","coordinates":[[[14.38874,50.12462],[14.38471,50.12201],[14.37042,50.11904],[14.36698,50.11204],[14.36165,50.11632],[14.35427,50.11623],[14.35529,50.11508],[14.35194,50.11455],[14.35449,50.11236],[14.35269,50.1092],[14.33136,50.109],[14.33483,50.1039],[14.33565,50.10755],[14.3378,50.10846],[14.34838,50.10627],[14.35503,50.10264],[14.35893,50.10324],[14.36188,50.10189],[14.36391,50.1038],[14.367,50.10538],[14.36772,50.10705],[14.37338,50.10795],[14.37787,50.11066],[14.37817,50.11145],[14.37555,50.11379],[14.3805,50.11674],[14.38832,50.11918],[14.3886,50.11542],[14.39283,50.11377],[14.39188,50.11539],[14.39388,50.11629],[14.39503,50.12188],[14.39395,50.12274],[14.38874,50.12462]]]}},{"type":"Feature","properties":{"cislo":6034,"mco":"Praha 6"},"geometry":{"type":"Polygon","coordinates":[[[14.33169,50.09064],[14.32517,50.08983],[14.32339,50.08791],[14.32581,50.08711],[14.32091,50.08339],[14.32128,50.08155],[14.32546,50.08076],[14.33516,50.07867],[14.34189,50.08078],[14.34261,50.08285],[14.33805,50.08453],[14.33894,50.08579],[14.33516,50.08782],[14.33503,50.08955],[14.33169,50.09064]]]}},{"type":"Feature","properties":{"cislo":6035,"mco":"Praha 6"},"geometry":{"type":"Polygon","coordinates":[[[14.38882,50.10636],[14.38659,50.10326],[14.3857,50.10016],[14.39549,50.10065],[14.39499,50.10467],[14.38984,50.10581],[14.38882,50.10636]]]}},{"type":"Feature","properties":{"cislo":6036,"mco":"Praha 6"},"geometry":{"type":"Polygon","coordinates":[[[14.38512,50.10371],[14.38039,50.10507],[14.38122,50.10401],[14.37689,50.10375],[14.37807,50.09975],[14.3857,50.10016],[14.38659,50.10326],[14.38512,50.10371]]]}},{"type":"Feature","properties":{"cislo":6037,"mco":"Praha 6"},"geometry":{"type":"Polygon","coordinates":[[[14.37113,50.09987],[14.37012,50.09912],[14.37807,50.09975],[14.37689,50.10375],[14.3732,50.10352],[14.37113,50.09987]]]}},{"type":"Feature","properties":{"cislo":6038,"mco":"Praha 6"},"geometry":{"type":"Polygon","coordinates":[[[14.37012,50.09912],[14.37003,50.0973],[14.37248,50.09629],[14.37628,50.097],[14.37549,50.09956],[14.37012,50.09912]]]}},{"type":"Feature","properties":{"cislo":6039,"mco":"Praha 6"},"geometry":{"type":"Polygon","coordinates":[[[14.37807,50.09975],[14.37549,50.09956],[14.37628,50.097],[14.38786,50.0982],[14.38735,50.10025],[14.37807,50.09975]]]}},{"type":"Feature","properties":{"cislo":6040,"mco":"Praha 6"},"geometry":{"type":"Polygon","coordinates":[[[14.38735,50.10025],[14.38775,50.09858],[14.39304,50.09834],[14.39221,50.10049],[14.38735,50.10025]]]}},{"type":"Feature","properties":{"cislo":6041,"mco":"Praha 6"},"geometry":{"type":"Polygon","coordinates":[[[14.38775,50.09858],[14.38786,50.0982],[14.39601,50.09637],[14.39549,50.10065],[14.39221,50.10049],[14.39304,50.09834],[14.38775,50.09858]]]}},{"type":"Feature","properties":{"cislo":6042,"mco":"Praha 6"},"geometry":{"type":"Polygon","coordinates":[[[14.36761,50.09214],[14.35755,50.09145],[14.35989,50.0877],[14.36617,50.08856],[14.36962,50.08955],[14.36847,50.0917],[14.36844,50.0922],[14.36761,50.09214]]]}},{"type":"Feature","properties":{"cislo":6043,"mco":"Praha 6"},"geometry":{"type":"Polygon","coordinates":[[[14.36847,50.0917],[14.37022,50.08836],[14.37285,50.08874],[14.37872,50.09021],[14.36847,50.0917]]]}},{"type":"Feature","properties":{"cislo":6044,"mco":"Praha 6"},"geometry":{"type":"Polygon","coordinates":[[[14.38202,50.09293],[14.38315,50.09165],[14.37872,50.09021],[14.37285,50.08874],[14.37913,50.08895],[14.3805,50.08774],[14.38226,50.0886],[14.38616,50.09172],[14.38202,50.09293]]]}},{"type":"Feature","properties":{"cislo":6045,"mco":"Praha 6"},"geometry":{"type":"Polygon","coordinates":[[[14.37628,50.097],[14.37248,50.09629],[14.37249,50.09616],[14.38387,50.09515],[14.38202,50.09293],[14.38616,50.09172],[14.38908,50.09217],[14.39842,50.09338],[14.39687,50.09508],[14.39601,50.09637],[14.38786,50.0982],[14.37628,50.097]]]}},{"type":"Feature","properties":{"cislo":6046,"mco":"Praha 6"},"geometry":{"type":"Polygon","coordinates":[[[14.37249,50.09616],[14.37296,50.09305],[14.36844,50.0922],[14.36847,50.0917],[14.37872,50.09021],[14.38315,50.09165],[14.38202,50.09293],[14.38387,50.09515],[14.37249,50.09616]]]}},{"type":"Feature","properties":{"cislo":6047,"mco":"Praha 6"},"geometry":{"type":"Polygon","coordinates":[[[14.36609,50.09528],[14.36761,50.09214],[14.36844,50.0922],[14.37296,50.09305],[14.37248,50.09629],[14.36609,50.09528]]]}},{"type":"Feature","properties":{"cislo":6048,"mco":"Praha 6"},"geometry":{"type":"Polygon","coordinates":[[[14.36505,50.08552],[14.36472,50.08545],[14.35783,50.08317],[14.36637,50.08413],[14.37009,50.08402],[14.36505,50.08552]]]}},{"type":"Feature","properties":{"cislo":6049,"mco":"Praha 6"},"geometry":{"type":"Polygon","coordinates":[[[14.36036,50.08748],[14.35372,50.08859],[14.3519,50.08755],[14.35332,50.08666],[14.34927,50.08674],[14.34684,50.08338],[14.35579,50.08246],[14.36472,50.08545],[14.36504,50.08746],[14.36036,50.08748]]]}},{"type":"Feature","properties":{"cislo":6050,"mco":"Praha 6"},"geometry":{"type":"Polygon","coordinates":[[[14.36617,50.08856],[14.35989,50.0877],[14.36036,50.08748],[14.36504,50.08746],[14.36472,50.08545],[14.36856,50.08622],[14.37834,50.08739],[14.3805,50.08774],[14.37913,50.08895],[14.37285,50.08874],[14.37022,50.08836],[14.3654,50.08755],[14.36617,50.08856]]]}},{"type":"Feature","properties":{"cislo":6051,"mco":"Praha 6"},"geometry":{"type":"Polygon","coordinates":[[[14.36962,50.08955],[14.36617,50.08856],[14.3654,50.08755],[14.37022,50.08836],[14.36962,50.08955]]]}},{"type":"Feature","properties":{"cislo":6052,"mco":"Praha 6"},"geometry":{"type":"Polygon","coordinates":[[[14.37155,50.08656],[14.36856,50.08622],[14.37189,50.08496],[14.37155,50.08656]]]}},{"type":"Feature","properties":{"cislo":6053,"mco":"Praha 6"},"geometry":{"type":"Polygon","coordinates":[[[14.37363,50.08681],[14.37155,50.08656],[14.37197,50.0846],[14.37439,50.08495],[14.37409,50.08634],[14.37363,50.08681]]]}},{"type":"Feature","properties":{"cislo":6054,"mco":"Praha 6"},"geometry":{"type":"Polygon","coordinates":[[[14.37834,50.08739],[14.37363,50.08681],[14.37409,50.08634],[14.37864,50.08634],[14.37834,50.08739]]]}},{"type":"Feature","properties":{"cislo":6055,"mco":"Praha 6"},"geometry":{"type":"Polygon","coordinates":[[[14.3805,50.08774],[14.37834,50.08739],[14.37864,50.08634],[14.37409,50.08634],[14.37439,50.08495],[14.37197,50.0846],[14.3721,50.08402],[14.3821,50.08564],[14.3805,50.08774]]]}},{"type":"Feature","properties":{"cislo":6056,"mco":"Praha 6"},"geometry":{"type":"Polygon","coordinates":[[[14.38168,50.08557],[14.3721,50.08402],[14.37149,50.08397],[14.37173,50.08311],[14.38168,50.08557]]]}},{"type":"Feature","properties":{"cislo":6057,"mco":"Praha 6"},"geometry":{"type":"Polygon","coordinates":[[[14.38449,50.08622],[14.38168,50.08557],[14.37173,50.08311],[14.37061,50.08232],[14.37366,50.08219],[14.37356,50.07937],[14.37116,50.07812],[14.37722,50.07815],[14.37976,50.07945],[14.38484,50.0788],[14.39257,50.07816],[14.39765,50.08],[14.39259,50.08243],[14.38809,50.08305],[14.38563,50.08644],[14.38449,50.08622]]]}},{"type":"Feature","properties":{"cislo":6058,"mco":"Praha 6"},"geometry":{"type":"Polygon","coordinates":[[[14.36856,50.08622],[14.36505,50.08552],[14.37009,50.08402],[14.37149,50.08397],[14.3721,50.08402],[14.37189,50.08496],[14.36856,50.08622]]]}},{"type":"Feature","properties":{"cislo":6059,"mco":"Praha 6"},"geometry":{"type":"Polygon","coordinates":[[[14.3881,50.08878],[14.38304,50.08871],[14.38449,50.08622],[14.38563,50.08644],[14.38818,50.08723],[14.3881,50.08878]]]}},{"type":"Feature","properties":{"cislo":6060,"mco":"Praha 6"},"geometry":{"type":"Polygon","coordinates":[[[14.38226,50.0886],[14.3805,50.08774],[14.3821,50.08564],[14.38449,50.08622],[14.38304,50.08871],[14.38226,50.0886]]]}},{"type":"Feature","properties":{"cislo":6061,"mco":"Praha 6"},"geometry":{"type":"Polygon","coordinates":[[[14.38908,50.09217],[14.38616,50.09172],[14.38226,50.0886],[14.38304,50.08871],[14.3881,50.08878],[14.38908,50.09217]]]}},{"type":"Feature","properties":{"cislo":6062,"mco":"Praha 6"},"geometry":{"type":"Polygon","coordinates":[[[14.37009,50.08402],[14.36637,50.08413],[14.36559,50.08323],[14.36668,50.0814],[14.37061,50.08232],[14.37173,50.08311],[14.37149,50.08397],[14.37009,50.08402]]]}},{"type":"Feature","properties":{"cislo":6063,"mco":"Praha 6"},"geometry":{"type":"Polygon","coordinates":[[[14.37061,50.08232],[14.36668,50.0814],[14.36559,50.08323],[14.36077,50.0821],[14.36248,50.0817],[14.35965,50.08058],[14.36203,50.07861],[14.37356,50.07937],[14.37366,50.08219],[14.37061,50.08232]]]}},{"type":"Feature","properties":{"cislo":6064,"mco":"Praha 6"},"geometry":{"type":"Polygon","coordinates":[[[14.36637,50.08413],[14.35783,50.08317],[14.35579,50.08246],[14.36077,50.0821],[14.36559,50.08323],[14.36637,50.08413]]]}},{"type":"Feature","properties":{"cislo":6065,"mco":"Praha 6"},"geometry":{"type":"Polygon","coordinates":[[[14.34684,50.08338],[14.3448,50.08109],[14.3455,50.07605],[14.34664,50.07563],[14.35659,50.07712],[14.3569,50.07822],[14.36203,50.07861],[14.35965,50.08058],[14.36248,50.0817],[14.36077,50.0821],[14.35579,50.08246],[14.34684,50.08338]]]}},{"type":"Feature","properties":{"cislo":6066,"mco":"Praha 6"},"geometry":{"type":"Polygon","coordinates":[[[14.3448,50.08109],[14.34368,50.08207],[14.34189,50.08078],[14.33516,50.07867],[14.333,50.07705],[14.32577,50.07629],[14.32546,50.07455],[14.3455,50.07605],[14.3448,50.08109]]]}},{"type":"Feature","properties":{"cislo":6067,"mco":"Praha 6"},"geometry":{"type":"Polygon","coordinates":[[[14.32377,50.07623],[14.32577,50.07629],[14.333,50.07705],[14.33516,50.07867],[14.32546,50.08076],[14.32377,50.07623]]]}},{"type":"Feature","properties":{"cislo":6068,"mco":"Praha 6"},"geometry":{"type":"Polygon","coordinates":[[[14.2739,50.11766],[14.26012,50.11352],[14.25724,50.11464],[14.25615,50.11262],[14.25011,50.11087],[14.24519,50.11006],[14.24075,50.11136],[14.23713,50.11059],[14.23932,50.10732],[14.22455,50.10292],[14.2266,50.10047],[14.23296,50.10234],[14.23703,50.10111],[14.24505,50.10288],[14.24991,50.10355],[14.25842,50.09946],[14.2541,50.09772],[14.26107,50.09637],[14.26117,50.08718],[14.26522,50.08737],[14.26834,50.08583],[14.27342,50.0877],[14.27533,50.08115],[14.30999,50.08398],[14.30804,50.08545],[14.30086,50.09046],[14.30415,50.09351],[14.29871,50.09401],[14.29628,50.0957],[14.29504,50.10181],[14.29925,50.10424],[14.29525,50.10693],[14.2937,50.10635],[14.28535,50.11575],[14.27891,50.11916],[14.2739,50.11766]]]}},{"type":"Feature","properties":{"cislo":6069,"mco":"Praha 6"},"geometry":{"type":"Polygon","coordinates":[[[14.30999,50.08398],[14.28198,50.08172],[14.28541,50.08129],[14.28508,50.07834],[14.28941,50.07701],[14.29328,50.07759],[14.3102,50.07645],[14.32377,50.07623],[14.32546,50.08076],[14.32128,50.08155],[14.31587,50.07971],[14.31509,50.0777],[14.31246,50.07773],[14.31267,50.07931],[14.31015,50.07892],[14.30999,50.08398]]]}},{"type":"Feature","properties":{"cislo":6070,"mco":"Praha 6"},"geometry":{"type":"Polygon","coordinates":[[[14.32128,50.08155],[14.32091,50.08339],[14.32581,50.08711],[14.32339,50.08791],[14.31978,50.0859],[14.31565,50.08673],[14.30804,50.08545],[14.30999,50.08398],[14.31015,50.07892],[14.31267,50.07931],[14.31246,50.07773],[14.31509,50.0777],[14.31587,50.07971],[14.32128,50.08155]]]}},{"type":"Feature","properties":{"cislo":6071,"mco":"Praha 6"},"geometry":{"type":"Polygon","coordinates":[[[14.30648,50.08924],[14.30431,50.08939],[14.30327,50.08877],[14.30562,50.08715],[14.30648,50.08924]]]}},{"type":"Feature","properties":{"cislo":6072,"mco":"Praha 6"},"geometry":{"type":"Polygon","coordinates":[[[14.31041,50.09019],[14.30648,50.08924],[14.30562,50.08715],[14.30804,50.08545],[14.31565,50.08673],[14.31412,50.09086],[14.31041,50.09019]]]}},{"type":"Feature","properties":{"cislo":6073,"mco":"Praha 6"},"geometry":{"type":"Polygon","coordinates":[[[14.31028,50.09126],[14.30894,50.09224],[14.30366,50.09076],[14.30431,50.08939],[14.30648,50.08924],[14.31041,50.09019],[14.31028,50.09126]]]}},{"type":"Feature","properties":{"cislo":6074,"mco":"Praha 6"},"geometry":{"type":"Polygon","coordinates":[[[14.30415,50.09351],[14.30086,50.09046],[14.30327,50.08877],[14.30431,50.08939],[14.30366,50.09076],[14.30894,50.09224],[14.31028,50.09126],[14.31358,50.09199],[14.31294,50.09311],[14.30415,50.09351]]]}},{"type":"Feature","properties":{"cislo":6075,"mco":"Praha 6"},"geometry":{"type":"Polygon","coordinates":[[[14.32168,50.10659],[14.30558,50.10319],[14.30112,50.10291],[14.29925,50.10424],[14.29504,50.10181],[14.29628,50.0957],[14.29871,50.09401],[14.30415,50.09351],[14.31294,50.09311],[14.31358,50.09199],[14.31028,50.09126],[14.31041,50.09019],[14.32418,50.0927],[14.32013,50.09379],[14.32337,50.0944],[14.31637,50.09644],[14.31865,50.09942],[14.31551,50.10361],[14.32064,50.10491],[14.32168,50.10659]]]}},{"type":"Feature","properties":{"cislo":6076,"mco":"Praha 6"},"geometry":{"type":"Polygon","coordinates":[[[14.31412,50.09086],[14.31565,50.08673],[14.31978,50.0859],[14.32339,50.08791],[14.32517,50.08983],[14.32418,50.0927],[14.31412,50.09086]]]}},{"type":"Feature","properties":{"cislo":6077,"mco":"Praha 6"},"geometry":{"type":"Polygon","coordinates":[[[14.32469,50.10667],[14.32168,50.10659],[14.32064,50.10491],[14.31551,50.10361],[14.31865,50.09942],[14.31637,50.09644],[14.32337,50.0944],[14.32013,50.09379],[14.32418,50.0927],[14.32517,50.08983],[14.33169,50.09064],[14.33112,50.09315],[14.32522,50.09402],[14.32806,50.09699],[14.32599,50.0977],[14.32785,50.10012],[14.32469,50.10667]]]}},{"type":"Feature","properties":{"cislo":6078,"mco":"Praha 6"},"geometry":{"type":"Polygon","coordinates":[[[14.33112,50.09315],[14.33169,50.09064],[14.33503,50.08955],[14.34519,50.0948],[14.35305,50.09457],[14.35312,50.09503],[14.34561,50.09565],[14.33525,50.09378],[14.33462,50.09477],[14.33112,50.09315]]]}},{"type":"Feature","properties":{"cislo":6079,"mco":"Praha 6"},"geometry":{"type":"Polygon","coordinates":[[[14.33136,50.109],[14.32916,50.10835],[14.32469,50.10667],[14.32785,50.10012],[14.32599,50.0977],[14.32806,50.09699],[14.32522,50.09402],[14.33112,50.09315],[14.33462,50.09477],[14.33525,50.09378],[14.35099,50.09661],[14.35066,50.09769],[14.34411,50.09752],[14.33825,50.09954],[14.3341,50.10257],[14.33483,50.1039],[14.33136,50.109]]]}},{"type":"Feature","properties":{"cislo":6080,"mco":"Praha 6"},"geometry":{"type":"Polygon","coordinates":[[[14.33483,50.1039],[14.3341,50.10257],[14.33825,50.09954],[14.34411,50.09752],[14.3511,50.09772],[14.35021,50.09919],[14.35503,50.10264],[14.34838,50.10627],[14.3378,50.10846],[14.33565,50.10755],[14.33483,50.1039]]]}},{"type":"Feature","properties":{"cislo":6081,"mco":"Praha 6"},"geometry":{"type":"Polygon","coordinates":[[[14.35503,50.10264],[14.35021,50.09919],[14.3511,50.09772],[14.35485,50.09731],[14.35892,50.09804],[14.358,50.10023],[14.36007,50.10099],[14.35893,50.10324],[14.35503,50.10264]]]}},{"type":"Feature","properties":{"cislo":6082,"mco":"Praha 6"},"geometry":{"type":"Polygon","coordinates":[[[14.35893,50.10324],[14.36007,50.10099],[14.36402,50.09961],[14.36188,50.10189],[14.35893,50.10324]]]}},{"type":"Feature","properties":{"cislo":6083,"mco":"Praha 6"},"geometry":{"type":"Polygon","coordinates":[[[14.36007,50.10099],[14.358,50.10023],[14.35892,50.09804],[14.36543,50.09875],[14.36402,50.09961],[14.36007,50.10099]]]}},{"type":"Feature","properties":{"cislo":6084,"mco":"Praha 6"},"geometry":{"type":"Polygon","coordinates":[[[14.35485,50.09731],[14.3511,50.09772],[14.35066,50.09769],[14.35099,50.09661],[14.34561,50.09565],[14.35312,50.09503],[14.35557,50.09533],[14.35522,50.09646],[14.35485,50.09731]]]}},{"type":"Feature","properties":{"cislo":6085,"mco":"Praha 6"},"geometry":{"type":"Polygon","coordinates":[[[14.35827,50.09792],[14.35485,50.09731],[14.35522,50.09646],[14.35874,50.09695],[14.35827,50.09792]]]}},{"type":"Feature","properties":{"cislo":6086,"mco":"Praha 6"},"geometry":{"type":"Polygon","coordinates":[[[14.36418,50.09864],[14.35892,50.09804],[14.35827,50.09792],[14.35874,50.09695],[14.36418,50.09864]]]}},{"type":"Feature","properties":{"cislo":6087,"mco":"Praha 6"},"geometry":{"type":"Polygon","coordinates":[[[14.36418,50.09864],[14.35874,50.09695],[14.35522,50.09646],[14.35557,50.09533],[14.36528,50.0977],[14.37012,50.09912],[14.36418,50.09864]]]}},{"type":"Feature","properties":{"cislo":6088,"mco":"Praha 6"},"geometry":{"type":"Polygon","coordinates":[[[14.37012,50.09912],[14.36528,50.0977],[14.36609,50.09528],[14.37248,50.09629],[14.37003,50.0973],[14.37012,50.09912]]]}},{"type":"Feature","properties":{"cislo":6089,"mco":"Praha 6"},"geometry":{"type":"Polygon","coordinates":[[[14.36609,50.09528],[14.36528,50.0977],[14.35978,50.09638],[14.36034,50.09376],[14.36609,50.09528]]]}},{"type":"Feature","properties":{"cislo":6090,"mco":"Praha 6"},"geometry":{"type":"Polygon","coordinates":[[[14.36034,50.09376],[14.35978,50.09638],[14.35557,50.09533],[14.35312,50.09503],[14.35305,50.09457],[14.35619,50.09317],[14.36034,50.09376]]]}},{"type":"Feature","properties":{"cislo":6091,"mco":"Praha 6"},"geometry":{"type":"Polygon","coordinates":[[[14.33503,50.08955],[14.33516,50.08782],[14.33956,50.08915],[14.34596,50.09356],[14.35138,50.09126],[14.35755,50.09145],[14.36761,50.09214],[14.36609,50.09528],[14.36034,50.09376],[14.35619,50.09317],[14.35305,50.09457],[14.34519,50.0948],[14.33503,50.08955]]]}},{"type":"Feature","properties":{"cislo":6092,"mco":"Praha 6"},"geometry":{"type":"Polygon","coordinates":[[[14.35138,50.09126],[14.34596,50.09356],[14.33956,50.08915],[14.3438,50.0901],[14.34601,50.09066],[14.34798,50.09093],[14.35138,50.09126]]]}},{"type":"Feature","properties":{"cislo":6093,"mco":"Praha 6"},"geometry":{"type":"Polygon","coordinates":[[[14.35755,50.09145],[14.35138,50.09126],[14.34798,50.09093],[14.34873,50.08922],[14.35755,50.09145]]]}},{"type":"Feature","properties":{"cislo":6094,"mco":"Praha 6"},"geometry":{"type":"Polygon","coordinates":[[[14.34601,50.09066],[14.34712,50.08882],[14.34873,50.08922],[14.34798,50.09093],[14.34601,50.09066]]]}},{"type":"Feature","properties":{"cislo":6095,"mco":"Praha 6"},"geometry":{"type":"Polygon","coordinates":[[[14.34601,50.09066],[14.3438,50.0901],[14.3449,50.08826],[14.34712,50.08882],[14.34601,50.09066]]]}},{"type":"Feature","properties":{"cislo":6096,"mco":"Praha 6"},"geometry":{"type":"Polygon","coordinates":[[[14.33956,50.08915],[14.33516,50.08782],[14.33894,50.08579],[14.34098,50.08726],[14.3449,50.08826],[14.3438,50.0901],[14.33956,50.08915]]]}},{"type":"Feature","properties":{"cislo":6097,"mco":"Praha 6"},"geometry":{"type":"Polygon","coordinates":[[[14.33894,50.08579],[14.33805,50.08453],[14.34261,50.08285],[14.34189,50.08078],[14.34368,50.08207],[14.3448,50.08109],[14.3468,50.08333],[14.34222,50.08524],[14.34098,50.08726],[14.33894,50.08579]]]}},{"type":"Feature","properties":{"cislo":6098,"mco":"Praha 6"},"geometry":{"type":"Polygon","coordinates":[[[14.34098,50.08726],[14.34222,50.08524],[14.34551,50.08605],[14.34427,50.0881],[14.34098,50.08726]]]}},{"type":"Feature","properties":{"cislo":6099,"mco":"Praha 6"},"geometry":{"type":"Polygon","coordinates":[[[14.3449,50.08826],[14.34427,50.0881],[14.34551,50.08605],[14.34698,50.08666],[14.34712,50.08882],[14.3449,50.08826]]]}},{"type":"Feature","properties":{"cislo":6100,"mco":"Praha 6"},"geometry":{"type":"Polygon","coordinates":[[[14.34927,50.08674],[14.35162,50.08995],[14.34712,50.08882],[14.34698,50.08666],[14.34909,50.08649],[14.34927,50.08674]]]}},{"type":"Feature","properties":{"cislo":6101,"mco":"Praha 6"},"geometry":{"type":"Polygon","coordinates":[[[14.35162,50.08995],[14.34927,50.08674],[14.35332,50.08666],[14.3519,50.08755],[14.35372,50.08859],[14.36036,50.08748],[14.35989,50.0877],[14.35755,50.09145],[14.35162,50.08995]]]}},{"type":"Feature","properties":{"cislo":6102,"mco":"Praha 6"},"geometry":{"type":"Polygon","coordinates":[[[14.34698,50.08666],[14.34551,50.08605],[14.34702,50.0836],[14.34909,50.08649],[14.34698,50.08666]]]}},{"type":"Feature","properties":{"cislo":6103,"mco":"Praha 6"},"geometry":{"type":"Polygon","coordinates":[[[14.34222,50.08524],[14.3468,50.08333],[14.34702,50.0836],[14.34551,50.08605],[14.34222,50.08524]]]}},{"type":"Feature","properties":{"cislo":6104,"mco":"Praha 6"},"geometry":{"type":"Polygon","coordinates":[[[14.39386,50.13835],[14.39162,50.13847],[14.38846,50.13511],[14.3923,50.12899],[14.39541,50.12826],[14.39651,50.1248],[14.39395,50.12274],[14.39503,50.12188],[14.40086,50.12722],[14.40095,50.12946],[14.40057,50.13053],[14.39257,50.13556],[14.39386,50.13835]]]}},{"type":"Feature","properties":{"cislo":56001,"mco":"Praha-Zbraslav"},"geometry":{"type":"Polygon","coordinates":[[[14.38588,49.98948],[14.38121,49.98472],[14.37072,49.98506],[14.36461,49.9819],[14.36239,49.981],[14.37162,49.97364],[14.37413,49.97292],[14.38991,49.97579],[14.3914,49.9727],[14.38995,49.97138],[14.39166,49.97205],[14.39184,49.97104],[14.39729,49.97501],[14.39866,49.98446],[14.38588,49.98948]]]}},{"type":"Feature","properties":{"cislo":56002,"mco":"Praha-Zbraslav"},"geometry":{"type":"Polygon","coordinates":[[[14.40735,49.97562],[14.4067,49.97733],[14.40354,49.97683],[14.39729,49.97501],[14.39184,49.97104],[14.38919,49.95442],[14.38804,49.94986],[14.38911,49.94525],[14.39563,49.94198],[14.39552,49.94793],[14.39515,49.95717],[14.40042,49.9704],[14.40254,49.97064],[14.40282,49.97259],[14.40576,49.97222],[14.40551,49.97521],[14.40735,49.97562]]]}},{"type":"Feature","properties":{"cislo":56003,"mco":"Praha-Zbraslav"},"geometry":{"type":"Polygon","coordinates":[[[14.39184,49.97104],[14.39166,49.97205],[14.38995,49.97138],[14.38684,49.97067],[14.38582,49.96779],[14.38609,49.96712],[14.38542,49.96657],[14.38721,49.96618],[14.38483,49.96458],[14.38437,49.96212],[14.38802,49.96216],[14.38919,49.95442],[14.39184,49.97104]]]}},{"type":"Feature","properties":{"cislo":56004,"mco":"Praha-Zbraslav"},"geometry":{"type":"Polygon","coordinates":[[[14.38995,49.97138],[14.3914,49.9727],[14.38991,49.97579],[14.37413,49.97292],[14.37851,49.96919],[14.38349,49.9698],[14.38582,49.96779],[14.38684,49.97067],[14.38995,49.97138]]]}},{"type":"Feature","properties":{"cislo":56005,"mco":"Praha-Zbraslav"},"geometry":{"type":"Polygon","coordinates":[[[14.37413,49.97292],[14.37162,49.97364],[14.36971,49.96593],[14.37343,49.96387],[14.37942,49.96682],[14.38218,49.96565],[14.38609,49.96712],[14.38582,49.96779],[14.38349,49.9698],[14.37851,49.96919],[14.37413,49.97292]]]}},{"type":"Feature","properties":{"cislo":56006,"mco":"Praha-Zbraslav"},"geometry":{"type":"Polygon","coordinates":[[[14.38218,49.96565],[14.37717,49.96338],[14.37785,49.96225],[14.38179,49.96263],[14.38348,49.96504],[14.38609,49.96712],[14.38218,49.96565]]]}},{"type":"Feature","properties":{"cislo":56007,"mco":"Praha-Zbraslav"},"geometry":{"type":"Polygon","coordinates":[[[14.37343,49.96387],[14.37717,49.96338],[14.38218,49.96565],[14.37942,49.96682],[14.37343,49.96387]]]}},{"type":"Feature","properties":{"cislo":57001,"mco":"Praha-Zličín"},"geometry":{"type":"Polygon","coordinates":[[[14.29328,50.07759],[14.28941,50.07701],[14.29026,50.07326],[14.2825,50.07438],[14.27733,50.07307],[14.27862,50.071],[14.2793,50.06861],[14.27375,50.06697],[14.2742,50.05943],[14.27665,50.05915],[14.2786,50.05984],[14.28496,50.06021],[14.29046,50.06096],[14.2931,50.05954],[14.30019,50.06334],[14.29289,50.06739],[14.29137,50.0746],[14.29328,50.07759]]]}},{"type":"Feature","properties":{"cislo":57002,"mco":"Praha-Zličín"},"geometry":{"type":"Polygon","coordinates":[[[14.29046,50.06096],[14.28496,50.06021],[14.28777,50.05787],[14.2931,50.05954],[14.29046,50.06096]]]}},{"type":"Feature","properties":{"cislo":57003,"mco":"Praha-Zličín"},"geometry":{"type":"Polygon","coordinates":[[[14.2786,50.05984],[14.2819,50.05549],[14.28777,50.05787],[14.28496,50.06021],[14.2786,50.05984]]]}},{"type":"Feature","properties":{"cislo":57004,"mco":"Praha-Zličín"},"geometry":{"type":"Polygon","coordinates":[[[14.26683,50.07271],[14.25812,50.0716],[14.25879,50.0645],[14.24763,50.0623],[14.24825,50.05834],[14.25092,50.05685],[14.25567,50.05717],[14.2573,50.0545],[14.26237,50.05561],[14.26438,50.05241],[14.27164,50.05441],[14.27515,50.05587],[14.27327,50.05679],[14.27665,50.05915],[14.2742,50.05943],[14.27375,50.06697],[14.2793,50.06861],[14.27862,50.071],[14.27537,50.07317],[14.26683,50.07271]]]}},{"type":"Feature","properties":{"cislo":34001,"mco":"Praha-Kolovraty"},"geometry":{"type":"Polygon","coordinates":[[[14.63664,50.02607],[14.63593,50.0271],[14.63093,50.02668],[14.62952,50.02482],[14.61862,50.02498],[14.62157,50.02202],[14.60975,50.02111],[14.62958,50.01229],[14.6423,50.00935],[14.64622,50.00565],[14.64884,50.00788],[14.64317,50.01077],[14.64316,50.0143],[14.63915,50.01435],[14.63796,50.02192],[14.64138,50.02302],[14.63827,50.02354],[14.63664,50.02607]]]}},{"type":"Feature","properties":{"cislo":34002,"mco":"Praha-Kolovraty"},"geometry":{"type":"Polygon","coordinates":[[[14.60975,50.02111],[14.60972,50.0209],[14.60871,50.01979],[14.61175,50.01896],[14.61168,50.01624],[14.61445,50.01548],[14.61353,50.01427],[14.61634,50.01232],[14.61334,50.00769],[14.61393,50.00398],[14.61686,50.00236],[14.62402,50.00385],[14.62691,49.99981],[14.62385,49.9991],[14.6254,49.99741],[14.62923,49.99561],[14.63794,49.99538],[14.64022,49.99451],[14.64699,49.99883],[14.63836,50.00585],[14.64622,50.00565],[14.6423,50.00935],[14.62958,50.01229],[14.60975,50.02111]]]}},{"type":"Feature","properties":{"cislo":34003,"mco":"Praha-Kolovraty"},"geometry":{"type":"Polygon","coordinates":[[[14.61393,50.00398],[14.6091,50.00299],[14.60931,50.0019],[14.60866,50.00018],[14.6123,49.99896],[14.61308,50.00014],[14.61926,49.9976],[14.62148,49.99877],[14.6254,49.99741],[14.62385,49.9991],[14.62691,49.99981],[14.62402,50.00385],[14.61686,50.00236],[14.61393,50.00398]]]}},{"type":"Feature","properties":{"cislo":10001,"mco":"Praha 10"},"geometry":{"type":"Polygon","coordinates":[[[14.45303,50.07449],[14.44935,50.07424],[14.44928,50.07276],[14.44402,50.07271],[14.44306,50.07264],[14.44287,50.07221],[14.44373,50.07153],[14.45095,50.0721],[14.45315,50.07223],[14.45303,50.07449]]]}},{"type":"Feature","properties":{"cislo":10002,"mco":"Praha 10"},"geometry":{"type":"Polygon","coordinates":[[[14.44913,50.07543],[14.44863,50.07543],[14.44935,50.07424],[14.45303,50.07449],[14.45434,50.07549],[14.44913,50.07543]]]}},{"type":"Feature","properties":{"cislo":10003,"mco":"Praha 10"},"geometry":{"type":"Polygon","coordinates":[[[14.45303,50.07449],[14.45315,50.07223],[14.45833,50.07264],[14.45811,50.07555],[14.45434,50.07549],[14.45303,50.07449]]]}},{"type":"Feature","properties":{"cislo":10004,"mco":"Praha 10"},"geometry":{"type":"Polygon","coordinates":[[[14.45811,50.07555],[14.45833,50.07264],[14.46912,50.07351],[14.47014,50.07614],[14.45811,50.07555]]]}},{"type":"Feature","properties":{"cislo":10005,"mco":"Praha 10"},"geometry":{"type":"Polygon","coordinates":[[[14.4788,50.07792],[14.47842,50.07635],[14.47014,50.07614],[14.46912,50.07351],[14.47526,50.07387],[14.4849,50.07252],[14.4866,50.07272],[14.48588,50.07428],[14.48597,50.07716],[14.4831,50.07752],[14.4788,50.07792]]]}},{"type":"Feature","properties":{"cislo":10006,"mco":"Praha 10"},"geometry":{"type":"Polygon","coordinates":[[[14.49634,50.0828],[14.49395,50.08162],[14.49411,50.08047],[14.49708,50.08083],[14.49762,50.08162],[14.49634,50.0828]]]}},{"type":"Feature","properties":{"cislo":10007,"mco":"Praha 10"},"geometry":{"type":"Polygon","coordinates":[[[14.49199,50.08706],[14.49318,50.08365],[14.49395,50.08162],[14.49634,50.0828],[14.49919,50.0832],[14.50306,50.08522],[14.50185,50.08777],[14.49959,50.0859],[14.49199,50.08706]]]}},{"type":"Feature","properties":{"cislo":10008,"mco":"Praha 10"},"geometry":{"type":"Polygon","coordinates":[[[14.50078,50.08341],[14.49634,50.0828],[14.49762,50.08162],[14.50346,50.08244],[14.50078,50.08341]]]}},{"type":"Feature","properties":{"cislo":10009,"mco":"Praha 10"},"geometry":{"type":"Polygon","coordinates":[[[14.49762,50.08162],[14.49708,50.08083],[14.49761,50.07908],[14.49917,50.07913],[14.50415,50.0798],[14.50572,50.0801],[14.50535,50.08104],[14.50287,50.0807],[14.50231,50.08227],[14.49762,50.08162]]]}},{"type":"Feature","properties":{"cislo":10010,"mco":"Praha 10"},"geometry":{"type":"Polygon","coordinates":[[[14.50477,50.08258],[14.50231,50.08227],[14.50287,50.0807],[14.50535,50.08104],[14.50477,50.08258]]]}},{"type":"Feature","properties":{"cislo":10011,"mco":"Praha 10"},"geometry":{"type":"Polygon","coordinates":[[[14.50078,50.08341],[14.50346,50.08244],[14.50565,50.08271],[14.5052,50.08394],[14.50078,50.08341]]]}},{"type":"Feature","properties":{"cislo":10012,"mco":"Praha 10"},"geometry":{"type":"Polygon","coordinates":[[[14.50306,50.08522],[14.49919,50.0832],[14.5052,50.08394],[14.50565,50.08271],[14.51073,50.0834],[14.51035,50.08462],[14.50306,50.08522]]]}},{"type":"Feature","properties":{"cislo":10013,"mco":"Praha 10"},"geometry":{"type":"Polygon","coordinates":[[[14.51073,50.0834],[14.50477,50.08258],[14.50572,50.0801],[14.51163,50.08106],[14.51233,50.07794],[14.51443,50.07788],[14.5168,50.08483],[14.5139,50.0855],[14.51073,50.0834]]]}},{"type":"Feature","properties":{"cislo":10014,"mco":"Praha 10"},"geometry":{"type":"Polygon","coordinates":[[[14.50388,50.08784],[14.50481,50.08599],[14.50701,50.08735],[14.50388,50.08784]]]}},{"type":"Feature","properties":{"cislo":10015,"mco":"Praha 10"},"geometry":{"type":"Polygon","coordinates":[[[14.50338,50.08974],[14.49341,50.08779],[14.49174,50.08742],[14.49199,50.08706],[14.49959,50.0859],[14.50185,50.08777],[14.50306,50.08522],[14.51035,50.08462],[14.51073,50.0834],[14.5139,50.0855],[14.5168,50.08483],[14.51443,50.07788],[14.52118,50.07758],[14.52295,50.07377],[14.52824,50.07495],[14.53139,50.07231],[14.53592,50.07341],[14.53767,50.07238],[14.53823,50.07463],[14.53425,50.07548],[14.53564,50.07746],[14.53942,50.07681],[14.53909,50.08103],[14.5376,50.085],[14.53206,50.08455],[14.53022,50.0878],[14.53406,50.08864],[14.53307,50.09061],[14.51846,50.08658],[14.51338,50.08881],[14.50338,50.08974]],[[14.50388,50.08784],[14.50701,50.08735],[14.50481,50.08599],[14.50388,50.08784]]]}},{"type":"Feature","properties":{"cislo":44001,"mco":"Praha-Petrovice"},"geometry":{"type":"Polygon","coordinates":[[[14.55735,50.04025],[14.55085,50.0382],[14.54746,50.0359],[14.54362,50.03626],[14.54234,50.03344],[14.54533,50.03042],[14.54962,50.02951],[14.54886,50.0285],[14.54935,50.02759],[14.55159,50.03033],[14.55621,50.02905],[14.56047,50.03106],[14.55808,50.03196],[14.56354,50.03351],[14.56232,50.03678],[14.56098,50.03945],[14.55735,50.04025]]]}},{"type":"Feature","properties":{"cislo":44002,"mco":"Praha-Petrovice"},"geometry":{"type":"Polygon","coordinates":[[[14.55785,50.04028],[14.55735,50.04025],[14.56098,50.03945],[14.56232,50.03678],[14.56397,50.03782],[14.56364,50.03826],[14.56094,50.04],[14.55785,50.04028]]]}},{"type":"Feature","properties":{"cislo":44003,"mco":"Praha-Petrovice"},"geometry":{"type":"Polygon","coordinates":[[[14.56923,50.03815],[14.56741,50.03878],[14.56637,50.03701],[14.56397,50.03782],[14.56232,50.03678],[14.56354,50.03351],[14.56551,50.03588],[14.57202,50.03669],[14.56923,50.03815]]]}},{"type":"Feature","properties":{"cislo":44004,"mco":"Praha-Petrovice"},"geometry":{"type":"Polygon","coordinates":[[[14.57202,50.03669],[14.56551,50.03588],[14.56354,50.03351],[14.55808,50.03196],[14.56047,50.03106],[14.57162,50.0321],[14.57577,50.03418],[14.57202,50.03669]]]}},{"type":"Feature","properties":{"cislo":50001,"mco":"Praha-Šeberov"},"geometry":{"type":"Polygon","coordinates":[[[14.51399,50.02031],[14.50886,50.02084],[14.50037,50.02024],[14.50296,50.01281],[14.50068,50.0058],[14.52942,50.00052],[14.52106,50.0078],[14.52754,50.01091],[14.53555,50.01182],[14.52964,50.01418],[14.51399,50.02031]]]}},{"type":"Feature","properties":{"cislo":50002,"mco":"Praha-Šeberov"},"geometry":{"type":"Polygon","coordinates":[[[14.50068,50.0058],[14.4991,50.00282],[14.49443,50.00116],[14.49774,50.00112],[14.49701,49.99913],[14.49698,49.99534],[14.50732,49.99755],[14.50942,49.99393],[14.50758,49.99355],[14.50825,49.99221],[14.51381,49.99266],[14.51351,49.99423],[14.51802,49.99449],[14.5192,49.99717],[14.52439,49.99751],[14.52833,49.99991],[14.52942,50.00052],[14.50068,50.0058]]]}},{"type":"Feature","properties":{"cislo":22009,"mco":"Praha 22"},"geometry":{"type":"Polygon","coordinates":[[[14.62213,50.06298],[14.61997,50.06295],[14.6213,50.05691],[14.6158,50.05761],[14.61578,50.05573],[14.60218,50.05528],[14.60297,50.05346],[14.59732,50.05393],[14.59603,50.05214],[14.59633,50.04855],[14.6049,50.04712],[14.61523,50.04699],[14.626,50.04226],[14.62758,50.04137],[14.62746,50.04423],[14.63158,50.04632],[14.64029,50.04848],[14.64026,50.05697],[14.6379,50.05717],[14.63131,50.05359],[14.62546,50.05563],[14.62459,50.05918],[14.62732,50.06064],[14.62344,50.06099],[14.62444,50.06276],[14.62213,50.06298]]]}},{"type":"Feature","properties":{"cislo":55002,"mco":"Praha-Vinoř"},"geometry":{"type":"Polygon","coordinates":[[[14.56878,50.15003],[14.5692,50.14678],[14.57842,50.1439],[14.58721,50.1494],[14.58595,50.15117],[14.58114,50.14899],[14.57851,50.15023],[14.5782,50.15076],[14.57373,50.14995],[14.56878,50.15003]]]}},{"type":"Feature","properties":{"cislo":55003,"mco":"Praha-Vinoř"},"geometry":{"type":"Polygon","coordinates":[[[14.56878,50.15003],[14.56631,50.15152],[14.56318,50.1501],[14.56043,50.15519],[14.54495,50.14901],[14.54583,50.14796],[14.54697,50.14511],[14.55896,50.14396],[14.56199,50.13371],[14.57472,50.13978],[14.57421,50.14124],[14.57488,50.14022],[14.57752,50.14112],[14.57842,50.1439],[14.5692,50.14678],[14.56878,50.15003]]]}},{"type":"Feature","properties":{"cislo":13056,"mco":"Praha 13"},"geometry":{"type":"Polygon","coordinates":[[[14.34513,50.05335],[14.34268,50.05259],[14.33996,50.05262],[14.34036,50.05135],[14.34689,50.0519],[14.34654,50.05347],[14.34513,50.05335]]]}},{"type":"Feature","properties":{"cislo":10016,"mco":"Praha 10"},"geometry":{"type":"Polygon","coordinates":[[[14.49199,50.08706],[14.48215,50.0835],[14.4827,50.08232],[14.48053,50.08193],[14.48263,50.08054],[14.47638,50.07947],[14.47653,50.07813],[14.4831,50.07752],[14.48735,50.08155],[14.49318,50.08365],[14.49199,50.08706]]]}},{"type":"Feature","properties":{"cislo":10017,"mco":"Praha 10"},"geometry":{"type":"Polygon","coordinates":[[[14.4831,50.07752],[14.48597,50.07716],[14.48781,50.07787],[14.4881,50.07916],[14.49215,50.079],[14.4919,50.08082],[14.49411,50.08047],[14.49395,50.08162],[14.49318,50.08365],[14.48735,50.08155],[14.4831,50.07752]]]}},{"type":"Feature","properties":{"cislo":10018,"mco":"Praha 10"},"geometry":{"type":"Polygon","coordinates":[[[14.48597,50.07716],[14.48588,50.07428],[14.49022,50.07488],[14.48912,50.07696],[14.48814,50.07702],[14.48835,50.07782],[14.48781,50.07787],[14.48597,50.07716]]]}},{"type":"Feature","properties":{"cislo":10019,"mco":"Praha 10"},"geometry":{"type":"Polygon","coordinates":[[[14.48781,50.07787],[14.48835,50.07782],[14.48907,50.07755],[14.48913,50.07694],[14.49241,50.07686],[14.49476,50.077],[14.4947,50.07733],[14.49761,50.07908],[14.49708,50.08083],[14.49411,50.08047],[14.4919,50.08082],[14.49215,50.079],[14.4881,50.07916],[14.48781,50.07787]]]}},{"type":"Feature","properties":{"cislo":10020,"mco":"Praha 10"},"geometry":{"type":"Polygon","coordinates":[[[14.49917,50.07913],[14.49761,50.07908],[14.4947,50.07733],[14.49948,50.07837],[14.49917,50.07913]]]}},{"type":"Feature","properties":{"cislo":10021,"mco":"Praha 10"},"geometry":{"type":"Polygon","coordinates":[[[14.4947,50.07733],[14.49476,50.077],[14.50303,50.07752],[14.49948,50.07837],[14.4947,50.07733]]]}},{"type":"Feature","properties":{"cislo":10022,"mco":"Praha 10"},"geometry":{"type":"Polygon","coordinates":[[[14.49917,50.07913],[14.49948,50.07837],[14.50303,50.07752],[14.50612,50.07772],[14.50415,50.0798],[14.49917,50.07913]]]}},{"type":"Feature","properties":{"cislo":10023,"mco":"Praha 10"},"geometry":{"type":"Polygon","coordinates":[[[14.51163,50.08106],[14.50572,50.0801],[14.50415,50.0798],[14.50612,50.07772],[14.51233,50.07794],[14.51163,50.08106]]]}},{"type":"Feature","properties":{"cislo":10024,"mco":"Praha 10"},"geometry":{"type":"Polygon","coordinates":[[[14.50026,50.07734],[14.50182,50.07602],[14.51183,50.07625],[14.51203,50.07794],[14.50612,50.07772],[14.50026,50.07734]]]}},{"type":"Feature","properties":{"cislo":10025,"mco":"Praha 10"},"geometry":{"type":"Polygon","coordinates":[[[14.49458,50.07699],[14.49529,50.07518],[14.49955,50.07496],[14.49916,50.07727],[14.49458,50.07699]]]}},{"type":"Feature","properties":{"cislo":10026,"mco":"Praha 10"},"geometry":{"type":"Polygon","coordinates":[[[14.49241,50.07686],[14.48981,50.07562],[14.49022,50.07488],[14.49355,50.07501],[14.49529,50.07518],[14.49458,50.07699],[14.49241,50.07686]]]}},{"type":"Feature","properties":{"cislo":10027,"mco":"Praha 10"},"geometry":{"type":"Polygon","coordinates":[[[14.48913,50.07694],[14.48981,50.07562],[14.49241,50.07686],[14.48913,50.07694]]]}},{"type":"Feature","properties":{"cislo":10028,"mco":"Praha 10"},"geometry":{"type":"Polygon","coordinates":[[[14.49022,50.07488],[14.48588,50.07428],[14.4866,50.07272],[14.4849,50.07252],[14.48522,50.07141],[14.49051,50.07233],[14.49022,50.07488]]]}},{"type":"Feature","properties":{"cislo":10029,"mco":"Praha 10"},"geometry":{"type":"Polygon","coordinates":[[[14.49022,50.07488],[14.49051,50.07233],[14.49395,50.07274],[14.49355,50.07501],[14.49022,50.07488]]]}},{"type":"Feature","properties":{"cislo":10030,"mco":"Praha 10"},"geometry":{"type":"Polygon","coordinates":[[[14.49355,50.07501],[14.49395,50.07274],[14.49761,50.07294],[14.49978,50.07356],[14.49955,50.07496],[14.49529,50.07518],[14.49355,50.07501]]]}},{"type":"Feature","properties":{"cislo":10031,"mco":"Praha 10"},"geometry":{"type":"Polygon","coordinates":[[[14.49916,50.07727],[14.49978,50.07356],[14.51314,50.07524],[14.51183,50.07625],[14.50182,50.07602],[14.50026,50.07734],[14.49916,50.07727]]]}},{"type":"Feature","properties":{"cislo":10032,"mco":"Praha 10"},"geometry":{"type":"Polygon","coordinates":[[[14.50774,50.06799],[14.51428,50.06642],[14.51623,50.06469],[14.51839,50.0646],[14.52106,50.06746],[14.50865,50.07056],[14.50774,50.06799]]]}},{"type":"Feature","properties":{"cislo":10033,"mco":"Praha 10"},"geometry":{"type":"Polygon","coordinates":[[[14.51203,50.07794],[14.51183,50.07625],[14.51314,50.07524],[14.50656,50.0744],[14.50494,50.07188],[14.50522,50.0701],[14.50865,50.07056],[14.52106,50.06746],[14.52331,50.06709],[14.52295,50.07377],[14.52118,50.07758],[14.51443,50.07788],[14.51203,50.07794]]]}},{"type":"Feature","properties":{"cislo":10034,"mco":"Praha 10"},"geometry":{"type":"Polygon","coordinates":[[[14.49978,50.07356],[14.49761,50.07294],[14.49823,50.07166],[14.50494,50.07188],[14.50656,50.0744],[14.49978,50.07356]]]}},{"type":"Feature","properties":{"cislo":10035,"mco":"Praha 10"},"geometry":{"type":"Polygon","coordinates":[[[14.49395,50.07274],[14.49369,50.07049],[14.49486,50.06934],[14.49786,50.0699],[14.49823,50.07166],[14.49761,50.07294],[14.49395,50.07274]]]}},{"type":"Feature","properties":{"cislo":10036,"mco":"Praha 10"},"geometry":{"type":"Polygon","coordinates":[[[14.49395,50.07274],[14.49051,50.07233],[14.48486,50.07132],[14.48504,50.07034],[14.48809,50.07081],[14.48661,50.06991],[14.49057,50.07059],[14.49369,50.07049],[14.49395,50.07274]]]}},{"type":"Feature","properties":{"cislo":10037,"mco":"Praha 10"},"geometry":{"type":"Polygon","coordinates":[[[14.47992,50.07101],[14.48167,50.06998],[14.48504,50.07034],[14.48486,50.07132],[14.47992,50.07101]]]}},{"type":"Feature","properties":{"cislo":10038,"mco":"Praha 10"},"geometry":{"type":"Polygon","coordinates":[[[14.48504,50.07034],[14.48167,50.06998],[14.482,50.06885],[14.48661,50.06991],[14.48809,50.07081],[14.48504,50.07034]]]}},{"type":"Feature","properties":{"cislo":10039,"mco":"Praha 10"},"geometry":{"type":"Polygon","coordinates":[[[14.49057,50.07059],[14.48661,50.06991],[14.482,50.06885],[14.48281,50.06708],[14.4776,50.06585],[14.47644,50.06481],[14.48679,50.06342],[14.50051,50.0624],[14.50417,50.06201],[14.50422,50.06236],[14.49008,50.06784],[14.49057,50.07059]]]}},{"type":"Feature","properties":{"cislo":10040,"mco":"Praha 10"},"geometry":{"type":"Polygon","coordinates":[[[14.49057,50.07059],[14.49008,50.06784],[14.50422,50.06236],[14.50467,50.06411],[14.50174,50.06558],[14.49932,50.06609],[14.49492,50.06634],[14.49386,50.06768],[14.49264,50.07053],[14.49057,50.07059]]]}},{"type":"Feature","properties":{"cislo":10041,"mco":"Praha 10"},"geometry":{"type":"Polygon","coordinates":[[[14.49386,50.06768],[14.49516,50.06856],[14.49486,50.06934],[14.49369,50.07049],[14.49264,50.07053],[14.49386,50.06768]]]}},{"type":"Feature","properties":{"cislo":10042,"mco":"Praha 10"},"geometry":{"type":"Polygon","coordinates":[[[14.49486,50.06934],[14.49516,50.06856],[14.49902,50.06709],[14.49835,50.06963],[14.49786,50.0699],[14.49486,50.06934]]]}},{"type":"Feature","properties":{"cislo":10043,"mco":"Praha 10"},"geometry":{"type":"Polygon","coordinates":[[[14.49823,50.07166],[14.49786,50.0699],[14.49835,50.06963],[14.5035,50.07011],[14.50522,50.0701],[14.50494,50.07188],[14.49823,50.07166]]]}},{"type":"Feature","properties":{"cislo":10044,"mco":"Praha 10"},"geometry":{"type":"Polygon","coordinates":[[[14.49835,50.06963],[14.49932,50.06609],[14.50174,50.06558],[14.50547,50.06626],[14.50392,50.06733],[14.5035,50.07011],[14.49835,50.06963]]]}},{"type":"Feature","properties":{"cislo":10045,"mco":"Praha 10"},"geometry":{"type":"Polygon","coordinates":[[[14.50522,50.0701],[14.5035,50.07011],[14.50392,50.06733],[14.50754,50.06772],[14.50774,50.06799],[14.50865,50.07056],[14.50522,50.0701]]]}},{"type":"Feature","properties":{"cislo":10046,"mco":"Praha 10"},"geometry":{"type":"Polygon","coordinates":[[[14.50392,50.06733],[14.50547,50.06626],[14.50174,50.06558],[14.50467,50.06411],[14.5072,50.06573],[14.5077,50.06678],[14.50754,50.06772],[14.50392,50.06733]]]}},{"type":"Feature","properties":{"cislo":10047,"mco":"Praha 10"},"geometry":{"type":"Polygon","coordinates":[[[14.50774,50.06799],[14.50754,50.06772],[14.5077,50.06678],[14.51428,50.06642],[14.50774,50.06799]]]}},{"type":"Feature","properties":{"cislo":10048,"mco":"Praha 10"},"geometry":{"type":"Polygon","coordinates":[[[14.5077,50.06678],[14.5072,50.06573],[14.51623,50.06469],[14.51428,50.06642],[14.5077,50.06678]]]}},{"type":"Feature","properties":{"cislo":10049,"mco":"Praha 10"},"geometry":{"type":"Polygon","coordinates":[[[14.5072,50.06573],[14.50467,50.06411],[14.50422,50.06236],[14.50417,50.06201],[14.51484,50.06102],[14.51768,50.06132],[14.51839,50.0646],[14.51623,50.06469],[14.5072,50.06573]]]}},{"type":"Feature","properties":{"cislo":10050,"mco":"Praha 10"},"geometry":{"type":"Polygon","coordinates":[[[14.49386,50.06768],[14.49492,50.06634],[14.49932,50.06609],[14.49902,50.06709],[14.49516,50.06856],[14.49386,50.06768]]]}},{"type":"Feature","properties":{"cislo":10051,"mco":"Praha 10"},"geometry":{"type":"Polygon","coordinates":[[[14.50051,50.0624],[14.48679,50.06342],[14.48555,50.05961],[14.49129,50.06075],[14.49358,50.05949],[14.49933,50.06003],[14.50051,50.0624]]]}},{"type":"Feature","properties":{"cislo":10052,"mco":"Praha 10"},"geometry":{"type":"Polygon","coordinates":[[[14.49933,50.06003],[14.49723,50.05757],[14.49816,50.05726],[14.50252,50.05781],[14.50417,50.06201],[14.50051,50.0624],[14.49933,50.06003]]]}},{"type":"Feature","properties":{"cislo":10053,"mco":"Praha 10"},"geometry":{"type":"Polygon","coordinates":[[[14.50417,50.06201],[14.50252,50.05781],[14.50706,50.05761],[14.51491,50.059],[14.51484,50.06102],[14.50417,50.06201]]]}},{"type":"Feature","properties":{"cislo":10054,"mco":"Praha 10"},"geometry":{"type":"Polygon","coordinates":[[[14.51491,50.059],[14.50706,50.05761],[14.50695,50.05634],[14.50703,50.05598],[14.5143,50.05584],[14.51539,50.05592],[14.51491,50.059]]]}},{"type":"Feature","properties":{"cislo":10055,"mco":"Praha 10"},"geometry":{"type":"Polygon","coordinates":[[[14.50714,50.05537],[14.50771,50.05397],[14.51296,50.05525],[14.5143,50.05584],[14.50703,50.05598],[14.50714,50.05537]]]}},{"type":"Feature","properties":{"cislo":10056,"mco":"Praha 10"},"geometry":{"type":"Polygon","coordinates":[[[14.5143,50.05584],[14.51296,50.05525],[14.51331,50.05409],[14.51543,50.05428],[14.51539,50.05592],[14.5143,50.05584]]]}},{"type":"Feature","properties":{"cislo":10057,"mco":"Praha 10"},"geometry":{"type":"Polygon","coordinates":[[[14.51331,50.05409],[14.51033,50.05376],[14.50988,50.05105],[14.51272,50.05006],[14.51564,50.05113],[14.51543,50.05428],[14.51331,50.05409]]]}},{"type":"Feature","properties":{"cislo":10058,"mco":"Praha 10"},"geometry":{"type":"Polygon","coordinates":[[[14.51296,50.05525],[14.50771,50.05397],[14.50797,50.05346],[14.51331,50.05409],[14.51296,50.05525]]]}},{"type":"Feature","properties":{"cislo":10059,"mco":"Praha 10"},"geometry":{"type":"Polygon","coordinates":[[[14.50328,50.05429],[14.49674,50.05318],[14.49976,50.05182],[14.50234,50.04518],[14.50626,50.04623],[14.50733,50.05058],[14.50988,50.05105],[14.51033,50.05376],[14.50797,50.05346],[14.50328,50.05429]]]}},{"type":"Feature","properties":{"cislo":10060,"mco":"Praha 10"},"geometry":{"type":"Polygon","coordinates":[[[14.50329,50.05646],[14.50328,50.05429],[14.50797,50.05346],[14.50771,50.05397],[14.50714,50.05537],[14.50379,50.05543],[14.50389,50.05644],[14.50329,50.05646]]]}},{"type":"Feature","properties":{"cislo":10061,"mco":"Praha 10"},"geometry":{"type":"Polygon","coordinates":[[[14.50389,50.05644],[14.50379,50.05543],[14.50714,50.05537],[14.50695,50.05634],[14.50389,50.05644]]]}},{"type":"Feature","properties":{"cislo":10062,"mco":"Praha 10"},"geometry":{"type":"Polygon","coordinates":[[[14.50252,50.05781],[14.49816,50.05726],[14.4981,50.05653],[14.50329,50.05646],[14.50695,50.05634],[14.50706,50.05761],[14.50252,50.05781]]]}},{"type":"Feature","properties":{"cislo":10063,"mco":"Praha 10"},"geometry":{"type":"Polygon","coordinates":[[[14.49584,50.05311],[14.49674,50.05318],[14.50328,50.05429],[14.50329,50.05646],[14.4981,50.05653],[14.49567,50.05592],[14.49584,50.05311]]]}},{"type":"Feature","properties":{"cislo":10064,"mco":"Praha 10"},"geometry":{"type":"Polygon","coordinates":[[[14.49362,50.056],[14.48884,50.05409],[14.49389,50.05189],[14.49228,50.05001],[14.49631,50.0463],[14.4937,50.04391],[14.49794,50.044],[14.50271,50.04453],[14.50234,50.04518],[14.49976,50.05182],[14.49674,50.05318],[14.49584,50.05311],[14.49362,50.056]]]}},{"type":"Feature","properties":{"cislo":10065,"mco":"Praha 10"},"geometry":{"type":"Polygon","coordinates":[[[14.49463,50.05815],[14.49362,50.056],[14.49584,50.05311],[14.49567,50.05592],[14.4981,50.05653],[14.49816,50.05726],[14.49723,50.05757],[14.49463,50.05815]]]}},{"type":"Feature","properties":{"cislo":10066,"mco":"Praha 10"},"geometry":{"type":"Polygon","coordinates":[[[14.49358,50.05949],[14.49463,50.05815],[14.49723,50.05757],[14.49933,50.06003],[14.49358,50.05949]]]}},{"type":"Feature","properties":{"cislo":10067,"mco":"Praha 10"},"geometry":{"type":"Polygon","coordinates":[[[14.48555,50.05961],[14.48,50.05948],[14.47727,50.05641],[14.4892,50.0553],[14.49368,50.05618],[14.49463,50.05815],[14.49358,50.05949],[14.49129,50.06075],[14.48555,50.05961]]]}},{"type":"Feature","properties":{"cislo":10068,"mco":"Praha 10"},"geometry":{"type":"Polygon","coordinates":[[[14.47727,50.05641],[14.47692,50.05507],[14.48024,50.05565],[14.48373,50.05392],[14.48534,50.05159],[14.48244,50.05109],[14.49228,50.05001],[14.49389,50.05189],[14.48884,50.05409],[14.49362,50.056],[14.49368,50.05618],[14.4892,50.0553],[14.47727,50.05641]]]}},{"type":"Feature","properties":{"cislo":10069,"mco":"Praha 10"},"geometry":{"type":"Polygon","coordinates":[[[14.46917,50.06924],[14.46233,50.06778],[14.46325,50.06602],[14.46589,50.06654],[14.46425,50.06559],[14.4695,50.06149],[14.46978,50.06661],[14.46758,50.06787],[14.46917,50.06924]]]}},{"type":"Feature","properties":{"cislo":10070,"mco":"Praha 10"},"geometry":{"type":"Polygon","coordinates":[[[14.46325,50.06602],[14.46253,50.06738],[14.46138,50.06589],[14.46387,50.05982],[14.4695,50.06149],[14.46425,50.06559],[14.46589,50.06654],[14.46325,50.06602]]]}},{"type":"Feature","properties":{"cislo":10071,"mco":"Praha 10"},"geometry":{"type":"Polygon","coordinates":[[[14.46233,50.06778],[14.45897,50.06708],[14.45983,50.06553],[14.46138,50.06589],[14.46253,50.06738],[14.46233,50.06778]]]}},{"type":"Feature","properties":{"cislo":10072,"mco":"Praha 10"},"geometry":{"type":"Polygon","coordinates":[[[14.45897,50.06708],[14.4575,50.06675],[14.45792,50.06521],[14.45983,50.06553],[14.45897,50.06708]]]}},{"type":"Feature","properties":{"cislo":10073,"mco":"Praha 10"},"geometry":{"type":"Polygon","coordinates":[[[14.45657,50.06658],[14.45535,50.06635],[14.4546,50.06248],[14.45911,50.05661],[14.46358,50.05848],[14.46387,50.05982],[14.46138,50.06589],[14.45983,50.06553],[14.45792,50.06521],[14.4575,50.06675],[14.45657,50.06658]]]}},{"type":"Feature","properties":{"cislo":10074,"mco":"Praha 10"},"geometry":{"type":"Polygon","coordinates":[[[14.4522,50.0661],[14.45181,50.06607],[14.4499,50.06294],[14.45147,50.06247],[14.45327,50.06213],[14.4546,50.06248],[14.45535,50.06635],[14.4522,50.0661]]]}},{"type":"Feature","properties":{"cislo":10075,"mco":"Praha 10"},"geometry":{"type":"Polygon","coordinates":[[[14.45181,50.06607],[14.44194,50.06614],[14.44421,50.06524],[14.44573,50.06445],[14.44773,50.06364],[14.4499,50.06294],[14.45181,50.06607]]]}},{"type":"Feature","properties":{"cislo":10076,"mco":"Praha 10"},"geometry":{"type":"Polygon","coordinates":[[[14.44521,50.06794],[14.44094,50.06649],[14.44194,50.06614],[14.45181,50.06607],[14.4522,50.0661],[14.45182,50.06715],[14.44521,50.06794]]]}},{"type":"Feature","properties":{"cislo":10077,"mco":"Praha 10"},"geometry":{"type":"Polygon","coordinates":[[[14.44865,50.06832],[14.44521,50.06794],[14.45182,50.06715],[14.45458,50.06784],[14.453,50.06934],[14.45156,50.0693],[14.44865,50.06832]]]}},{"type":"Feature","properties":{"cislo":10078,"mco":"Praha 10"},"geometry":{"type":"Polygon","coordinates":[[[14.4508,50.07089],[14.44711,50.0701],[14.44865,50.06832],[14.45156,50.0693],[14.4508,50.07089]]]}},{"type":"Feature","properties":{"cislo":10079,"mco":"Praha 10"},"geometry":{"type":"Polygon","coordinates":[[[14.44373,50.07153],[14.44711,50.0701],[14.44763,50.07022],[14.44918,50.07152],[14.44694,50.07176],[14.44373,50.07153]]]}},{"type":"Feature","properties":{"cislo":10080,"mco":"Praha 10"},"geometry":{"type":"Polygon","coordinates":[[[14.44694,50.07176],[14.44918,50.07152],[14.44763,50.07022],[14.4508,50.07089],[14.45095,50.0721],[14.44694,50.07176]]]}},{"type":"Feature","properties":{"cislo":10081,"mco":"Praha 10"},"geometry":{"type":"Polygon","coordinates":[[[14.45095,50.0721],[14.4508,50.07089],[14.45156,50.0693],[14.453,50.06934],[14.45362,50.06922],[14.45485,50.07133],[14.45491,50.07236],[14.45095,50.0721]]]}},{"type":"Feature","properties":{"cislo":10082,"mco":"Praha 10"},"geometry":{"type":"Polygon","coordinates":[[[14.45491,50.07236],[14.45485,50.07133],[14.45647,50.07121],[14.45731,50.07256],[14.45491,50.07236]]]}},{"type":"Feature","properties":{"cislo":10083,"mco":"Praha 10"},"geometry":{"type":"Polygon","coordinates":[[[14.45485,50.07133],[14.45362,50.06922],[14.45604,50.06909],[14.45757,50.07019],[14.45786,50.07104],[14.45647,50.07121],[14.45485,50.07133]]]}},{"type":"Feature","properties":{"cislo":10084,"mco":"Praha 10"},"geometry":{"type":"Polygon","coordinates":[[[14.45362,50.06922],[14.453,50.06934],[14.45458,50.06784],[14.45182,50.06715],[14.4522,50.0661],[14.45535,50.06635],[14.45657,50.06658],[14.45635,50.06692],[14.45604,50.06909],[14.45362,50.06922]]]}},{"type":"Feature","properties":{"cislo":10085,"mco":"Praha 10"},"geometry":{"type":"Polygon","coordinates":[[[14.45635,50.06692],[14.4574,50.06861],[14.45604,50.06909],[14.45635,50.06692]]]}},{"type":"Feature","properties":{"cislo":10086,"mco":"Praha 10"},"geometry":{"type":"Polygon","coordinates":[[[14.4574,50.06861],[14.45635,50.06692],[14.45657,50.06658],[14.46037,50.06738],[14.45994,50.06819],[14.45805,50.0684],[14.4574,50.06861]]]}},{"type":"Feature","properties":{"cislo":10087,"mco":"Praha 10"},"geometry":{"type":"Polygon","coordinates":[[[14.45604,50.06909],[14.45805,50.0684],[14.45757,50.07019],[14.45604,50.06909]]]}},{"type":"Feature","properties":{"cislo":10088,"mco":"Praha 10"},"geometry":{"type":"Polygon","coordinates":[[[14.45757,50.07019],[14.45805,50.0684],[14.45994,50.06819],[14.46052,50.06924],[14.45998,50.07074],[14.45786,50.07104],[14.45757,50.07019]]]}},{"type":"Feature","properties":{"cislo":10089,"mco":"Praha 10"},"geometry":{"type":"Polygon","coordinates":[[[14.45647,50.07121],[14.45885,50.0709],[14.45994,50.07278],[14.45731,50.07256],[14.45647,50.07121]]]}},{"type":"Feature","properties":{"cislo":10090,"mco":"Praha 10"},"geometry":{"type":"Polygon","coordinates":[[[14.46054,50.07283],[14.45994,50.07278],[14.45885,50.0709],[14.46043,50.07068],[14.46077,50.07175],[14.46054,50.07283]]]}},{"type":"Feature","properties":{"cislo":10091,"mco":"Praha 10"},"geometry":{"type":"Polygon","coordinates":[[[14.46077,50.07175],[14.46364,50.07208],[14.46467,50.07317],[14.46054,50.07283],[14.46077,50.07175]]]}},{"type":"Feature","properties":{"cislo":10092,"mco":"Praha 10"},"geometry":{"type":"Polygon","coordinates":[[[14.46364,50.07208],[14.46077,50.07175],[14.46043,50.07068],[14.46428,50.07119],[14.46364,50.07208]]]}},{"type":"Feature","properties":{"cislo":10093,"mco":"Praha 10"},"geometry":{"type":"Polygon","coordinates":[[[14.45998,50.07074],[14.46052,50.06924],[14.46241,50.07034],[14.46261,50.07097],[14.46043,50.07068],[14.45998,50.07074]]]}},{"type":"Feature","properties":{"cislo":10094,"mco":"Praha 10"},"geometry":{"type":"Polygon","coordinates":[[[14.46052,50.06924],[14.45994,50.06819],[14.46037,50.06738],[14.46909,50.06922],[14.4678,50.07024],[14.46241,50.07034],[14.46052,50.06924]]]}},{"type":"Feature","properties":{"cislo":10095,"mco":"Praha 10"},"geometry":{"type":"Polygon","coordinates":[[[14.46822,50.07176],[14.46261,50.07097],[14.46241,50.07034],[14.4678,50.07024],[14.46822,50.07176]]]}},{"type":"Feature","properties":{"cislo":10096,"mco":"Praha 10"},"geometry":{"type":"Polygon","coordinates":[[[14.46467,50.07317],[14.46364,50.07208],[14.46428,50.07119],[14.47088,50.07214],[14.47076,50.07243],[14.46912,50.07351],[14.46467,50.07317]]]}},{"type":"Feature","properties":{"cislo":10097,"mco":"Praha 10"},"geometry":{"type":"Polygon","coordinates":[[[14.47088,50.07214],[14.46822,50.07176],[14.4678,50.07024],[14.46909,50.06922],[14.47079,50.06956],[14.47088,50.07214]]]}},{"type":"Feature","properties":{"cislo":10098,"mco":"Praha 10"},"geometry":{"type":"Polygon","coordinates":[[[14.46912,50.07351],[14.47076,50.07243],[14.47556,50.07275],[14.47526,50.07387],[14.46912,50.07351]]]}},{"type":"Feature","properties":{"cislo":10099,"mco":"Praha 10"},"geometry":{"type":"Polygon","coordinates":[[[14.47076,50.07243],[14.47088,50.07214],[14.47079,50.06956],[14.47145,50.0697],[14.47376,50.07123],[14.47584,50.07166],[14.47556,50.07275],[14.47076,50.07243]]]}},{"type":"Feature","properties":{"cislo":10100,"mco":"Praha 10"},"geometry":{"type":"Polygon","coordinates":[[[14.47145,50.0697],[14.47558,50.07058],[14.47376,50.07123],[14.47145,50.0697]]]}},{"type":"Feature","properties":{"cislo":10101,"mco":"Praha 10"},"geometry":{"type":"Polygon","coordinates":[[[14.47333,50.07011],[14.46917,50.06924],[14.46758,50.06787],[14.46978,50.06661],[14.47294,50.06613],[14.47333,50.07011]]]}},{"type":"Feature","properties":{"cislo":10102,"mco":"Praha 10"},"geometry":{"type":"Polygon","coordinates":[[[14.4797,50.07189],[14.47584,50.07166],[14.47376,50.07123],[14.47558,50.07058],[14.47671,50.07079],[14.4797,50.07189]]]}},{"type":"Feature","properties":{"cislo":10103,"mco":"Praha 10"},"geometry":{"type":"Polygon","coordinates":[[[14.47556,50.07275],[14.47584,50.07166],[14.4797,50.07189],[14.48208,50.07291],[14.47526,50.07387],[14.47556,50.07275]]]}},{"type":"Feature","properties":{"cislo":10104,"mco":"Praha 10"},"geometry":{"type":"Polygon","coordinates":[[[14.48208,50.07291],[14.4797,50.07189],[14.47992,50.07101],[14.48486,50.07132],[14.48522,50.07141],[14.4849,50.07252],[14.48208,50.07291]]]}},{"type":"Feature","properties":{"cislo":10105,"mco":"Praha 10"},"geometry":{"type":"Polygon","coordinates":[[[14.4797,50.07189],[14.47671,50.07079],[14.4776,50.06585],[14.48281,50.06708],[14.482,50.06885],[14.48167,50.06998],[14.47992,50.07101],[14.4797,50.07189]]]}},{"type":"Feature","properties":{"cislo":10106,"mco":"Praha 10"},"geometry":{"type":"Polygon","coordinates":[[[14.47671,50.07079],[14.47333,50.07011],[14.47294,50.06613],[14.4776,50.06585],[14.47671,50.07079]]]}},{"type":"Feature","properties":{"cislo":10107,"mco":"Praha 10"},"geometry":{"type":"Polygon","coordinates":[[[14.4695,50.06149],[14.46387,50.05982],[14.46358,50.05848],[14.46376,50.05808],[14.46892,50.05945],[14.47032,50.05746],[14.47308,50.05765],[14.47136,50.05706],[14.47232,50.05501],[14.47692,50.05507],[14.47727,50.05641],[14.48,50.05948],[14.48555,50.05961],[14.48679,50.06342],[14.47644,50.06481],[14.4776,50.06585],[14.47294,50.06613],[14.46978,50.06661],[14.4695,50.06149]]]}},{"type":"Feature","properties":{"cislo":10108,"mco":"Praha 10"},"geometry":{"type":"Polygon","coordinates":[[[14.47136,50.05706],[14.47308,50.05765],[14.47032,50.05746],[14.46892,50.05945],[14.46376,50.05808],[14.46704,50.05837],[14.46719,50.05688],[14.47136,50.05706]]]}},{"type":"Feature","properties":{"cislo":10109,"mco":"Praha 10"},"geometry":{"type":"Polygon","coordinates":[[[14.48835,50.07782],[14.48814,50.07702],[14.48912,50.07696],[14.48907,50.07755],[14.48835,50.07782]]]}},{"type":"Feature","properties":{"cislo":51001,"mco":"Praha-Štěrboholy"},"geometry":{"type":"Polygon","coordinates":[[[14.56432,50.07603],[14.54215,50.0691],[14.53538,50.06883],[14.53813,50.06701],[14.53717,50.06471],[14.53997,50.0652],[14.55711,50.06863],[14.55947,50.07137],[14.56815,50.07113],[14.56703,50.07437],[14.56432,50.07603]]]}},{"type":"Feature","properties":{"cislo":24001,"mco":"Praha-Benice"},"geometry":{"type":"Polygon","coordinates":[[[14.60874,50.02127],[14.60043,50.02105],[14.59299,50.02623],[14.59011,50.02416],[14.59266,50.02298],[14.59119,50.02153],[14.59738,50.01963],[14.59595,50.01785],[14.59362,50.0191],[14.5941,50.01788],[14.59018,50.01684],[14.59085,50.01525],[14.59353,50.0159],[14.59497,50.01472],[14.59088,50.01368],[14.59173,50.01246],[14.58793,50.0101],[14.58923,50.00873],[14.59448,50.01012],[14.59504,50.00722],[14.60233,50.0095],[14.60397,50.002],[14.6079,50.00301],[14.60931,50.0019],[14.6091,50.00299],[14.61393,50.00398],[14.61334,50.00769],[14.61634,50.01232],[14.61353,50.01427],[14.61445,50.01548],[14.61168,50.01624],[14.61175,50.01896],[14.60871,50.01979],[14.60972,50.0209],[14.60874,50.02127]]]}},{"type":"Feature","properties":{"cislo":41001,"mco":"Praha-Lysolaje"},"geometry":{"type":"Polygon","coordinates":[[[14.35716,50.13136],[14.35752,50.12972],[14.36012,50.1296],[14.35574,50.12455],[14.36165,50.11632],[14.36698,50.11204],[14.37042,50.11904],[14.38471,50.12201],[14.38874,50.12462],[14.38908,50.12719],[14.38546,50.12837],[14.38182,50.12996],[14.37601,50.12594],[14.36728,50.12899],[14.36685,50.1316],[14.36506,50.13159],[14.35716,50.13136]]]}},{"type":"Feature","properties":{"cislo":19001,"mco":"Praha 19"},"geometry":{"type":"Polygon","coordinates":[[[14.54598,50.14725],[14.54375,50.14705],[14.54407,50.14242],[14.54061,50.14295],[14.54055,50.14041],[14.53512,50.14022],[14.53564,50.13534],[14.54728,50.13514],[14.54849,50.13356],[14.54951,50.13381],[14.55024,50.13611],[14.55033,50.13752],[14.54699,50.13802],[14.54677,50.14503],[14.54598,50.14725]]]}},{"type":"Feature","properties":{"cislo":19002,"mco":"Praha 19"},"geometry":{"type":"Polygon","coordinates":[[[14.55161,50.13976],[14.55033,50.13752],[14.55024,50.13611],[14.55595,50.13645],[14.55161,50.13976]]]}},{"type":"Feature","properties":{"cislo":19003,"mco":"Praha 19"},"geometry":{"type":"Polygon","coordinates":[[[14.5677,50.1341],[14.56728,50.1359],[14.56166,50.13326],[14.55559,50.1332],[14.55499,50.13124],[14.55104,50.13081],[14.55106,50.13375],[14.54951,50.13381],[14.54849,50.13356],[14.54694,50.13045],[14.52526,50.12176],[14.52764,50.12142],[14.52655,50.118],[14.53119,50.11745],[14.5375,50.11702],[14.54314,50.11736],[14.54551,50.11774],[14.54515,50.11969],[14.55304,50.1217],[14.55685,50.12277],[14.55955,50.12245],[14.55923,50.12026],[14.56264,50.12065],[14.56365,50.13304],[14.5677,50.1341]]]}},{"type":"Feature","properties":{"cislo":19004,"mco":"Praha 19"},"geometry":{"type":"MultiPolygon","coordinates":[[[[14.56166,50.13326],[14.55872,50.14384],[14.55581,50.14389],[14.55161,50.13976],[14.55595,50.13645],[14.55024,50.13611],[14.54951,50.13381],[14.55106,50.13375],[14.55104,50.13081],[14.55499,50.13124],[14.55559,50.1332],[14.56166,50.13326]]],[[[14.53564,50.13534],[14.53547,50.13415],[14.54194,50.12845],[14.54694,50.13045],[14.54849,50.13356],[14.54728,50.13514],[14.53564,50.13534]]]]}},{"type":"Feature","properties":{"cislo":19005,"mco":"Praha 19"},"geometry":{"type":"Polygon","coordinates":[[[14.53547,50.13415],[14.53536,50.13111],[14.52595,50.12908],[14.52495,50.12761],[14.52184,50.12625],[14.52463,50.12604],[14.52526,50.12176],[14.54194,50.12845],[14.53547,50.13415]]]}},{"type":"Feature","properties":{"cislo":19006,"mco":"Praha 19"},"geometry":{"type":"Polygon","coordinates":[[[14.55033,50.13752],[14.55161,50.13976],[14.55581,50.14389],[14.54677,50.14503],[14.54699,50.13802],[14.55033,50.13752]]]}},{"type":"Feature","properties":{"cislo":46001,"mco":"Praha-Řeporyje"},"geometry":{"type":"MultiPolygon","coordinates":[[[[14.31629,50.03281],[14.32774,50.03498],[14.32582,50.03841],[14.32381,50.03991],[14.31855,50.04099],[14.3145,50.03673],[14.31629,50.03281]]],[[[14.312,50.03337],[14.31482,50.03499],[14.3118,50.03339],[14.312,50.03337]]]]}},{"type":"Feature","properties":{"cislo":46002,"mco":"Praha-Řeporyje"},"geometry":{"type":"Polygon","coordinates":[[[14.31494,50.04378],[14.30802,50.04536],[14.30722,50.04413],[14.30073,50.03898],[14.28892,50.03633],[14.28213,50.03197],[14.28908,50.02727],[14.30305,50.03285],[14.3111,50.0322],[14.3118,50.03339],[14.31482,50.03499],[14.312,50.03337],[14.31629,50.03281],[14.3145,50.03673],[14.31855,50.04099],[14.31593,50.04334],[14.31494,50.04378]]]}},{"type":"Feature","properties":{"cislo":46003,"mco":"Praha-Řeporyje"},"geometry":{"type":"Polygon","coordinates":[[[14.28908,50.02727],[14.29389,50.02556],[14.29789,50.0236],[14.30039,50.02473],[14.31594,50.02367],[14.3166,50.01999],[14.31153,50.00706],[14.3065,50.00803],[14.30086,50.01189],[14.3006,50.00446],[14.29492,50.00234],[14.30191,50.00003],[14.3011,49.99787],[14.30646,49.99728],[14.31017,49.99392],[14.31403,49.99486],[14.31817,49.98897],[14.33321,49.99337],[14.33128,49.99496],[14.32671,49.99358],[14.32295,49.99597],[14.3179,49.99551],[14.31906,50.00476],[14.32174,50.00517],[14.32309,50.00902],[14.32534,50.00917],[14.32965,50.01404],[14.32401,50.02164],[14.32851,50.0214],[14.33173,50.02353],[14.335,50.02915],[14.33383,50.03086],[14.33585,50.03176],[14.33539,50.03352],[14.33099,50.03279],[14.32774,50.03498],[14.31629,50.03281],[14.3118,50.03339],[14.3111,50.0322],[14.30305,50.03285],[14.28908,50.02727]]]}},{"type":"Feature","properties":{"cislo":13058,"mco":"Praha 13"},"geometry":{"type":"Polygon","coordinates":[[[14.32846,50.06248],[14.3186,50.05817],[14.3235,50.05769],[14.32411,50.05499],[14.32833,50.05629],[14.33511,50.0604],[14.32846,50.06248]]]}},{"type":"Feature","properties":{"cislo":13057,"mco":"Praha 13"},"geometry":{"type":"Polygon","coordinates":[[[14.30882,50.04745],[14.30754,50.04743],[14.30802,50.04536],[14.31494,50.04378],[14.31555,50.04476],[14.31397,50.04518],[14.31036,50.04593],[14.30868,50.04541],[14.30812,50.04674],[14.31189,50.0476],[14.30882,50.04745]]]}},{"type":"Feature","properties":{"cislo":14032,"mco":"Praha 14"},"geometry":{"type":"Polygon","coordinates":[[[14.55497,50.10751],[14.5596,50.10758],[14.56421,50.11006],[14.56101,50.11284],[14.55681,50.11154],[14.55497,50.10751]]]}},{"type":"Feature","properties":{"cislo":42001,"mco":"Praha-Nebušice"},"geometry":{"type":"Polygon","coordinates":[[[14.31765,50.11894],[14.3042,50.10907],[14.29525,50.10693],[14.29925,50.10424],[14.30112,50.10291],[14.30558,50.10319],[14.32168,50.10659],[14.32469,50.10667],[14.32916,50.10835],[14.32991,50.11103],[14.32407,50.1107],[14.32208,50.11191],[14.3235,50.11468],[14.3207,50.11532],[14.31805,50.11898],[14.31765,50.11894]]]}},{"type":"Feature","properties":{"cislo":42002,"mco":"Praha-Nebušice"},"geometry":{"type":"Polygon","coordinates":[[[14.3207,50.11532],[14.3235,50.11468],[14.32208,50.11191],[14.32407,50.1107],[14.32991,50.11103],[14.32916,50.10835],[14.33136,50.109],[14.35269,50.1092],[14.35449,50.11236],[14.35194,50.11455],[14.35529,50.11508],[14.35427,50.11623],[14.32772,50.11683],[14.3207,50.11532]]]}},{"type":"Feature","properties":{"cislo":4001,"mco":"Praha 4"},"geometry":{"type":"Polygon","coordinates":[[[14.44094,50.06649],[14.43688,50.0681],[14.43625,50.06681],[14.4351,50.06585],[14.43416,50.06539],[14.44025,50.06486],[14.44132,50.06421],[14.44421,50.06524],[14.44194,50.06614],[14.44094,50.06649]]]}},{"type":"Feature","properties":{"cislo":4002,"mco":"Praha 4"},"geometry":{"type":"Polygon","coordinates":[[[14.43416,50.06539],[14.43354,50.06512],[14.43052,50.06454],[14.43288,50.06347],[14.43543,50.06317],[14.44025,50.06486],[14.43416,50.06539]]]}},{"type":"Feature","properties":{"cislo":4003,"mco":"Praha 4"},"geometry":{"type":"Polygon","coordinates":[[[14.44025,50.06486],[14.43543,50.06317],[14.43589,50.0625],[14.43989,50.0628],[14.44297,50.06343],[14.44132,50.06421],[14.44025,50.06486]]]}},{"type":"Feature","properties":{"cislo":4004,"mco":"Praha 4"},"geometry":{"type":"Polygon","coordinates":[[[14.44573,50.06445],[14.44421,50.06524],[14.44132,50.06421],[14.44411,50.06289],[14.44573,50.06445]]]}},{"type":"Feature","properties":{"cislo":4005,"mco":"Praha 4"},"geometry":{"type":"Polygon","coordinates":[[[14.43613,50.06068],[14.442,50.06062],[14.44246,50.06209],[14.43989,50.0628],[14.43589,50.0625],[14.43613,50.06068]]]}},{"type":"Feature","properties":{"cislo":4006,"mco":"Praha 4"},"geometry":{"type":"Polygon","coordinates":[[[14.44297,50.06343],[14.43989,50.0628],[14.44246,50.06209],[14.44571,50.06196],[14.44411,50.06289],[14.44297,50.06343]]]}},{"type":"Feature","properties":{"cislo":4007,"mco":"Praha 4"},"geometry":{"type":"Polygon","coordinates":[[[14.44221,50.06135],[14.44717,50.06041],[14.44791,50.06103],[14.44638,50.06164],[14.44571,50.06196],[14.44246,50.06209],[14.44221,50.06135]]]}},{"type":"Feature","properties":{"cislo":4008,"mco":"Praha 4"},"geometry":{"type":"Polygon","coordinates":[[[14.44411,50.06289],[14.44571,50.06196],[14.44638,50.06164],[14.44786,50.06299],[14.44773,50.06364],[14.44573,50.06445],[14.44411,50.06289]]]}},{"type":"Feature","properties":{"cislo":4009,"mco":"Praha 4"},"geometry":{"type":"Polygon","coordinates":[[[14.44949,50.06186],[14.44786,50.06299],[14.44638,50.06164],[14.44791,50.06103],[14.4498,50.06002],[14.45022,50.0603],[14.44949,50.06186]]]}},{"type":"Feature","properties":{"cislo":4010,"mco":"Praha 4"},"geometry":{"type":"Polygon","coordinates":[[[14.4499,50.06294],[14.44773,50.06364],[14.44786,50.06299],[14.44949,50.06186],[14.45147,50.06247],[14.4499,50.06294]]]}},{"type":"Feature","properties":{"cislo":4011,"mco":"Praha 4"},"geometry":{"type":"Polygon","coordinates":[[[14.45147,50.06247],[14.44949,50.06186],[14.45022,50.0603],[14.45327,50.06213],[14.45147,50.06247]]]}},{"type":"Feature","properties":{"cislo":4012,"mco":"Praha 4"},"geometry":{"type":"Polygon","coordinates":[[[14.44717,50.06041],[14.44773,50.05935],[14.44987,50.05969],[14.4498,50.06002],[14.44791,50.06103],[14.44717,50.06041]]]}},{"type":"Feature","properties":{"cislo":4013,"mco":"Praha 4"},"geometry":{"type":"Polygon","coordinates":[[[14.44221,50.06135],[14.442,50.06062],[14.44168,50.05864],[14.44382,50.05707],[14.44422,50.05715],[14.44747,50.05818],[14.44773,50.05935],[14.44717,50.06041],[14.44221,50.06135]]]}},{"type":"Feature","properties":{"cislo":4014,"mco":"Praha 4"},"geometry":{"type":"Polygon","coordinates":[[[14.44767,50.05652],[14.44747,50.05818],[14.44422,50.05715],[14.44767,50.05652]]]}},{"type":"Feature","properties":{"cislo":4015,"mco":"Praha 4"},"geometry":{"type":"Polygon","coordinates":[[[14.44612,50.05678],[14.44499,50.05436],[14.44762,50.05266],[14.44948,50.05299],[14.44767,50.05652],[14.44612,50.05678]]]}},{"type":"Feature","properties":{"cislo":4016,"mco":"Praha 4"},"geometry":{"type":"Polygon","coordinates":[[[14.44382,50.05707],[14.44114,50.05596],[14.44174,50.05358],[14.44499,50.05436],[14.44612,50.05678],[14.44422,50.05715],[14.44382,50.05707]]]}},{"type":"Feature","properties":{"cislo":4017,"mco":"Praha 4"},"geometry":{"type":"Polygon","coordinates":[[[14.43898,50.05472],[14.43742,50.05389],[14.43854,50.05288],[14.4412,50.05009],[14.44576,50.05121],[14.44762,50.05266],[14.44499,50.05436],[14.44174,50.05358],[14.43898,50.05472]]]}},{"type":"Feature","properties":{"cislo":4018,"mco":"Praha 4"},"geometry":{"type":"Polygon","coordinates":[[[14.44114,50.05596],[14.43904,50.05535],[14.43898,50.05472],[14.44174,50.05358],[14.44114,50.05596]]]}},{"type":"Feature","properties":{"cislo":4019,"mco":"Praha 4"},"geometry":{"type":"Polygon","coordinates":[[[14.44168,50.05864],[14.44148,50.05718],[14.43734,50.05659],[14.43904,50.05535],[14.44114,50.05596],[14.44382,50.05707],[14.44168,50.05864]]]}},{"type":"Feature","properties":{"cislo":4020,"mco":"Praha 4"},"geometry":{"type":"Polygon","coordinates":[[[14.43295,50.05999],[14.43529,50.05821],[14.43662,50.0567],[14.43734,50.05659],[14.44148,50.05718],[14.442,50.06062],[14.43613,50.06068],[14.43295,50.05999]]]}},{"type":"Feature","properties":{"cislo":4021,"mco":"Praha 4"},"geometry":{"type":"Polygon","coordinates":[[[14.43543,50.06317],[14.43288,50.06347],[14.43446,50.06176],[14.43295,50.05999],[14.43613,50.06068],[14.43589,50.0625],[14.43543,50.06317]]]}},{"type":"Feature","properties":{"cislo":4022,"mco":"Praha 4"},"geometry":{"type":"Polygon","coordinates":[[[14.43021,50.0646],[14.42485,50.0623],[14.42441,50.06171],[14.42821,50.0604],[14.43265,50.05907],[14.43352,50.05956],[14.43295,50.05999],[14.43446,50.06176],[14.43288,50.06347],[14.43052,50.06454],[14.43021,50.0646]]]}},{"type":"Feature","properties":{"cislo":4023,"mco":"Praha 4"},"geometry":{"type":"Polygon","coordinates":[[[14.42441,50.06171],[14.42351,50.06151],[14.42368,50.05999],[14.42883,50.05805],[14.43073,50.05807],[14.42821,50.0604],[14.42441,50.06171]]]}},{"type":"Feature","properties":{"cislo":4024,"mco":"Praha 4"},"geometry":{"type":"Polygon","coordinates":[[[14.42821,50.0604],[14.43073,50.05807],[14.43201,50.05858],[14.43265,50.05907],[14.42821,50.0604]]]}},{"type":"Feature","properties":{"cislo":4025,"mco":"Praha 4"},"geometry":{"type":"Polygon","coordinates":[[[14.43265,50.05907],[14.43201,50.05858],[14.43529,50.05821],[14.43352,50.05956],[14.43265,50.05907]]]}},{"type":"Feature","properties":{"cislo":4026,"mco":"Praha 4"},"geometry":{"type":"Polygon","coordinates":[[[14.43073,50.05807],[14.42883,50.05805],[14.42863,50.05749],[14.43091,50.0569],[14.4352,50.05599],[14.43662,50.0567],[14.43529,50.05821],[14.43201,50.05858],[14.43073,50.05807]]]}},{"type":"Feature","properties":{"cislo":4027,"mco":"Praha 4"},"geometry":{"type":"Polygon","coordinates":[[[14.42948,50.05439],[14.43003,50.05273],[14.4329,50.05427],[14.43576,50.05545],[14.4352,50.05599],[14.43091,50.0569],[14.42948,50.05439]]]}},{"type":"Feature","properties":{"cislo":4028,"mco":"Praha 4"},"geometry":{"type":"Polygon","coordinates":[[[14.43662,50.0567],[14.4352,50.05599],[14.43742,50.05389],[14.43898,50.05472],[14.43904,50.05535],[14.43734,50.05659],[14.43662,50.0567]]]}},{"type":"Feature","properties":{"cislo":4029,"mco":"Praha 4"},"geometry":{"type":"Polygon","coordinates":[[[14.43742,50.05389],[14.43576,50.05545],[14.4329,50.05427],[14.43328,50.05334],[14.43509,50.05412],[14.43716,50.05228],[14.43854,50.05288],[14.43742,50.05389]]]}},{"type":"Feature","properties":{"cislo":4030,"mco":"Praha 4"},"geometry":{"type":"Polygon","coordinates":[[[14.4329,50.05427],[14.43003,50.05273],[14.42741,50.0515],[14.42872,50.04947],[14.42986,50.04857],[14.43362,50.04895],[14.43484,50.04888],[14.43486,50.04912],[14.4329,50.05427]]]}},{"type":"Feature","properties":{"cislo":4031,"mco":"Praha 4"},"geometry":{"type":"Polygon","coordinates":[[[14.43854,50.05288],[14.43716,50.05228],[14.43509,50.05412],[14.43328,50.05334],[14.43486,50.04912],[14.44053,50.04953],[14.4412,50.05009],[14.43854,50.05288]]]}},{"type":"Feature","properties":{"cislo":4032,"mco":"Praha 4"},"geometry":{"type":"Polygon","coordinates":[[[14.45456,50.0625],[14.45327,50.06213],[14.4498,50.06002],[14.45043,50.05767],[14.45456,50.0625]]]}},{"type":"Feature","properties":{"cislo":4033,"mco":"Praha 4"},"geometry":{"type":"Polygon","coordinates":[[[14.44773,50.05935],[14.44747,50.05818],[14.44767,50.05652],[14.44948,50.05299],[14.45421,50.05221],[14.45256,50.05394],[14.45043,50.05767],[14.44987,50.05969],[14.44773,50.05935]]]}},{"type":"Feature","properties":{"cislo":4034,"mco":"Praha 4"},"geometry":{"type":"Polygon","coordinates":[[[14.45043,50.05767],[14.45256,50.05394],[14.45911,50.05661],[14.45456,50.0625],[14.45043,50.05767]]]}},{"type":"Feature","properties":{"cislo":4035,"mco":"Praha 4"},"geometry":{"type":"Polygon","coordinates":[[[14.45911,50.05661],[14.45256,50.05394],[14.46212,50.05448],[14.46602,50.05182],[14.4724,50.04973],[14.4731,50.05107],[14.47645,50.04966],[14.4783,50.05069],[14.47232,50.05501],[14.47136,50.05706],[14.46719,50.05688],[14.46704,50.05837],[14.46376,50.05808],[14.46358,50.05848],[14.45911,50.05661]]]}},{"type":"Feature","properties":{"cislo":4036,"mco":"Praha 4"},"geometry":{"type":"Polygon","coordinates":[[[14.44762,50.05266],[14.44576,50.05121],[14.44843,50.04985],[14.45765,50.05149],[14.45421,50.05221],[14.44948,50.05299],[14.44762,50.05266]]]}},{"type":"Feature","properties":{"cislo":4037,"mco":"Praha 4"},"geometry":{"type":"Polygon","coordinates":[[[14.45765,50.05149],[14.44843,50.04985],[14.45246,50.04781],[14.45981,50.04861],[14.45873,50.05067],[14.45765,50.05149]]]}},{"type":"Feature","properties":{"cislo":4038,"mco":"Praha 4"},"geometry":{"type":"Polygon","coordinates":[[[14.45256,50.05394],[14.45421,50.05221],[14.45765,50.05149],[14.45873,50.05067],[14.46486,50.0502],[14.46602,50.05182],[14.46212,50.05448],[14.45256,50.05394]]]}},{"type":"Feature","properties":{"cislo":4039,"mco":"Praha 4"},"geometry":{"type":"Polygon","coordinates":[[[14.45873,50.05067],[14.45981,50.04861],[14.46268,50.0488],[14.46486,50.0502],[14.45873,50.05067]]]}},{"type":"Feature","properties":{"cislo":4040,"mco":"Praha 4"},"geometry":{"type":"Polygon","coordinates":[[[14.46486,50.0502],[14.46268,50.0488],[14.466,50.04888],[14.46884,50.04639],[14.4723,50.04856],[14.4724,50.04973],[14.46602,50.05182],[14.46486,50.0502]]]}},{"type":"Feature","properties":{"cislo":4041,"mco":"Praha 4"},"geometry":{"type":"Polygon","coordinates":[[[14.466,50.04888],[14.46454,50.04705],[14.46082,50.04639],[14.46873,50.04276],[14.4713,50.04438],[14.46884,50.04639],[14.466,50.04888]]]}},{"type":"Feature","properties":{"cislo":4042,"mco":"Praha 4"},"geometry":{"type":"Polygon","coordinates":[[[14.46268,50.0488],[14.45981,50.04861],[14.45246,50.04781],[14.45735,50.04547],[14.46082,50.04639],[14.46454,50.04705],[14.466,50.04888],[14.46268,50.0488]]]}},{"type":"Feature","properties":{"cislo":4043,"mco":"Praha 4"},"geometry":{"type":"Polygon","coordinates":[[[14.46082,50.04639],[14.45735,50.04547],[14.45862,50.0449],[14.46859,50.0408],[14.46873,50.04276],[14.46082,50.04639]]]}},{"type":"Feature","properties":{"cislo":4044,"mco":"Praha 4"},"geometry":{"type":"Polygon","coordinates":[[[14.45613,50.0428],[14.46155,50.04222],[14.45711,50.03794],[14.4563,50.03494],[14.46067,50.03454],[14.45694,50.0324],[14.462,50.0298],[14.4641,50.03099],[14.4773,50.02983],[14.4702,50.03361],[14.46959,50.03903],[14.47007,50.04039],[14.46859,50.0408],[14.45862,50.0449],[14.45613,50.0428]]]}},{"type":"Feature","properties":{"cislo":4045,"mco":"Praha 4"},"geometry":{"type":"Polygon","coordinates":[[[14.45735,50.04547],[14.45355,50.04512],[14.45509,50.04288],[14.45613,50.0428],[14.45862,50.0449],[14.45735,50.04547]]]}},{"type":"Feature","properties":{"cislo":4046,"mco":"Praha 4"},"geometry":{"type":"Polygon","coordinates":[[[14.45108,50.04526],[14.4488,50.04533],[14.45288,50.04305],[14.45509,50.04288],[14.45355,50.04512],[14.45108,50.04526]]]}},{"type":"Feature","properties":{"cislo":4047,"mco":"Praha 4"},"geometry":{"type":"Polygon","coordinates":[[[14.45735,50.04547],[14.45381,50.04715],[14.45108,50.04526],[14.45355,50.04512],[14.45735,50.04547]]]}},{"type":"Feature","properties":{"cislo":4048,"mco":"Praha 4"},"geometry":{"type":"Polygon","coordinates":[[[14.45246,50.04781],[14.44921,50.04875],[14.44722,50.04631],[14.4488,50.04533],[14.45108,50.04526],[14.45381,50.04715],[14.45246,50.04781]]]}},{"type":"Feature","properties":{"cislo":4049,"mco":"Praha 4"},"geometry":{"type":"Polygon","coordinates":[[[14.44576,50.05121],[14.4412,50.05009],[14.44293,50.04893],[14.44722,50.04631],[14.44921,50.04875],[14.45246,50.04781],[14.44576,50.05121]]]}},{"type":"Feature","properties":{"cislo":4050,"mco":"Praha 4"},"geometry":{"type":"Polygon","coordinates":[[[14.47692,50.05507],[14.47232,50.05501],[14.4783,50.05069],[14.48235,50.04845],[14.4848,50.04909],[14.48465,50.05085],[14.48244,50.05109],[14.48534,50.05159],[14.48373,50.05392],[14.48024,50.05565],[14.47692,50.05507]]]}},{"type":"Feature","properties":{"cislo":4051,"mco":"Praha 4"},"geometry":{"type":"Polygon","coordinates":[[[14.4848,50.04909],[14.48745,50.04901],[14.4884,50.05044],[14.48465,50.05085],[14.4848,50.04909]]]}},{"type":"Feature","properties":{"cislo":4052,"mco":"Praha 4"},"geometry":{"type":"Polygon","coordinates":[[[14.48745,50.04901],[14.4848,50.04909],[14.48235,50.04845],[14.48502,50.04658],[14.48814,50.0474],[14.48745,50.04901]]]}},{"type":"Feature","properties":{"cislo":4053,"mco":"Praha 4"},"geometry":{"type":"Polygon","coordinates":[[[14.48745,50.04901],[14.48814,50.0474],[14.49376,50.04866],[14.49228,50.05001],[14.4884,50.05044],[14.48745,50.04901]]]}},{"type":"Feature","properties":{"cislo":4054,"mco":"Praha 4"},"geometry":{"type":"Polygon","coordinates":[[[14.49376,50.04866],[14.48912,50.04763],[14.48993,50.04627],[14.49149,50.04583],[14.49237,50.04759],[14.49464,50.04735],[14.49504,50.04747],[14.49376,50.04866]]]}},{"type":"Feature","properties":{"cislo":4055,"mco":"Praha 4"},"geometry":{"type":"Polygon","coordinates":[[[14.49464,50.04735],[14.49141,50.04377],[14.49041,50.04275],[14.4937,50.04391],[14.49631,50.0463],[14.49504,50.04747],[14.49464,50.04735]]]}},{"type":"Feature","properties":{"cislo":4056,"mco":"Praha 4"},"geometry":{"type":"Polygon","coordinates":[[[14.49149,50.04583],[14.49141,50.04377],[14.49464,50.04735],[14.49237,50.04759],[14.49149,50.04583]]]}},{"type":"Feature","properties":{"cislo":4057,"mco":"Praha 4"},"geometry":{"type":"Polygon","coordinates":[[[14.48993,50.04627],[14.48777,50.04549],[14.48884,50.04477],[14.48863,50.04301],[14.49041,50.04275],[14.49141,50.04377],[14.49149,50.04583],[14.48993,50.04627]]]}},{"type":"Feature","properties":{"cislo":4058,"mco":"Praha 4"},"geometry":{"type":"Polygon","coordinates":[[[14.48912,50.04763],[14.48394,50.04628],[14.48639,50.0446],[14.48884,50.04477],[14.48777,50.04549],[14.48993,50.04627],[14.48912,50.04763]]]}},{"type":"Feature","properties":{"cislo":4059,"mco":"Praha 4"},"geometry":{"type":"Polygon","coordinates":[[[14.47827,50.0444],[14.48135,50.04059],[14.48682,50.04131],[14.48815,50.04279],[14.48639,50.0446],[14.48394,50.04628],[14.47827,50.0444]]]}},{"type":"Feature","properties":{"cislo":4060,"mco":"Praha 4"},"geometry":{"type":"Polygon","coordinates":[[[14.47763,50.04501],[14.47274,50.04336],[14.47007,50.04039],[14.46959,50.03903],[14.48135,50.04059],[14.47827,50.0444],[14.47763,50.04501]]]}},{"type":"Feature","properties":{"cislo":4061,"mco":"Praha 4"},"geometry":{"type":"Polygon","coordinates":[[[14.47658,50.04709],[14.4723,50.04856],[14.46884,50.04639],[14.4713,50.04438],[14.46873,50.04276],[14.46859,50.0408],[14.47007,50.04039],[14.47274,50.04336],[14.47763,50.04501],[14.47658,50.04709]]]}},{"type":"Feature","properties":{"cislo":4062,"mco":"Praha 4"},"geometry":{"type":"Polygon","coordinates":[[[14.4724,50.04973],[14.4723,50.04856],[14.47658,50.04709],[14.48081,50.0489],[14.47992,50.04977],[14.4783,50.05069],[14.47645,50.04966],[14.4731,50.05107],[14.4724,50.04973]]]}},{"type":"Feature","properties":{"cislo":4063,"mco":"Praha 4"},"geometry":{"type":"Polygon","coordinates":[[[14.47992,50.04977],[14.48081,50.0489],[14.47658,50.04709],[14.47763,50.04501],[14.47827,50.0444],[14.48394,50.04628],[14.48502,50.04658],[14.48235,50.04845],[14.47992,50.04977]]]}},{"type":"Feature","properties":{"cislo":4064,"mco":"Praha 4"},"geometry":{"type":"Polygon","coordinates":[[[14.43486,50.04912],[14.43484,50.04888],[14.43412,50.04597],[14.43627,50.04588],[14.43622,50.04775],[14.43991,50.04843],[14.44053,50.04953],[14.43486,50.04912]]]}},{"type":"Feature","properties":{"cislo":4065,"mco":"Praha 4"},"geometry":{"type":"Polygon","coordinates":[[[14.43991,50.04843],[14.43622,50.04775],[14.43627,50.04588],[14.43948,50.04621],[14.43991,50.04843]]]}},{"type":"Feature","properties":{"cislo":4066,"mco":"Praha 4"},"geometry":{"type":"Polygon","coordinates":[[[14.43412,50.04597],[14.43386,50.04528],[14.43391,50.04452],[14.43893,50.04337],[14.43948,50.04621],[14.43627,50.04588],[14.43412,50.04597]]]}},{"type":"Feature","properties":{"cislo":4067,"mco":"Praha 4"},"geometry":{"type":"Polygon","coordinates":[[[14.44053,50.04953],[14.43991,50.04843],[14.43893,50.04337],[14.44061,50.04341],[14.44468,50.0439],[14.44461,50.04418],[14.44239,50.04553],[14.44374,50.04645],[14.44133,50.04783],[14.44293,50.04893],[14.4412,50.05009],[14.44053,50.04953]]]}},{"type":"Feature","properties":{"cislo":4068,"mco":"Praha 4"},"geometry":{"type":"Polygon","coordinates":[[[14.44293,50.04893],[14.44133,50.04783],[14.44374,50.04645],[14.44529,50.04749],[14.44293,50.04893]]]}},{"type":"Feature","properties":{"cislo":4069,"mco":"Praha 4"},"geometry":{"type":"Polygon","coordinates":[[[14.44374,50.04645],[14.44239,50.04553],[14.44461,50.04418],[14.44462,50.04704],[14.44374,50.04645]]]}},{"type":"Feature","properties":{"cislo":4070,"mco":"Praha 4"},"geometry":{"type":"Polygon","coordinates":[[[14.44462,50.04704],[14.44461,50.04418],[14.44468,50.0439],[14.44689,50.04426],[14.4488,50.04533],[14.44529,50.04749],[14.44462,50.04704]]]}},{"type":"Feature","properties":{"cislo":4071,"mco":"Praha 4"},"geometry":{"type":"Polygon","coordinates":[[[14.4488,50.04533],[14.44689,50.04426],[14.44201,50.04242],[14.44243,50.04128],[14.44904,50.0427],[14.44955,50.04163],[14.45339,50.04279],[14.4488,50.04533]],[[14.44965,50.04283],[14.45103,50.04312],[14.45015,50.04252],[14.44965,50.04283]]]}},{"type":"Feature","properties":{"cislo":4072,"mco":"Praha 4"},"geometry":{"type":"Polygon","coordinates":[[[14.44689,50.04426],[14.44468,50.0439],[14.44061,50.04341],[14.44201,50.04242],[14.44689,50.04426]]]}},{"type":"Feature","properties":{"cislo":4073,"mco":"Praha 4"},"geometry":{"type":"Polygon","coordinates":[[[14.44061,50.04341],[14.43893,50.04337],[14.43828,50.04048],[14.44243,50.04128],[14.44201,50.04242],[14.44061,50.04341]]]}},{"type":"Feature","properties":{"cislo":4074,"mco":"Praha 4"},"geometry":{"type":"Polygon","coordinates":[[[14.44243,50.04128],[14.43828,50.04048],[14.4438,50.03513],[14.4485,50.03703],[14.44955,50.04163],[14.44904,50.0427],[14.44243,50.04128]]]}},{"type":"Feature","properties":{"cislo":4075,"mco":"Praha 4"},"geometry":{"type":"Polygon","coordinates":[[[14.4338,50.04151],[14.43478,50.04041],[14.43828,50.04048],[14.43893,50.04337],[14.43391,50.04452],[14.4338,50.04151]]]}},{"type":"Feature","properties":{"cislo":4076,"mco":"Praha 4"},"geometry":{"type":"Polygon","coordinates":[[[14.43143,50.04015],[14.42737,50.03921],[14.42414,50.03903],[14.4243,50.03751],[14.42854,50.03803],[14.42691,50.03735],[14.42845,50.03696],[14.42894,50.03295],[14.43643,50.03313],[14.43587,50.03663],[14.43413,50.03674],[14.43478,50.04041],[14.4338,50.04151],[14.43143,50.04015]]]}},{"type":"Feature","properties":{"cislo":4077,"mco":"Praha 4"},"geometry":{"type":"Polygon","coordinates":[[[14.43478,50.04041],[14.43413,50.03674],[14.43587,50.03663],[14.43643,50.03313],[14.4438,50.03513],[14.43828,50.04048],[14.43478,50.04041]]]}},{"type":"Feature","properties":{"cislo":4078,"mco":"Praha 4"},"geometry":{"type":"Polygon","coordinates":[[[14.44955,50.04163],[14.4485,50.03703],[14.45672,50.03799],[14.45339,50.04279],[14.44955,50.04163]]]}},{"type":"Feature","properties":{"cislo":4079,"mco":"Praha 4"},"geometry":{"type":"Polygon","coordinates":[[[14.45339,50.04279],[14.45672,50.03799],[14.45711,50.03794],[14.46155,50.04222],[14.45613,50.0428],[14.45288,50.04305],[14.45339,50.04279]]]}},{"type":"Feature","properties":{"cislo":4080,"mco":"Praha 4"},"geometry":{"type":"Polygon","coordinates":[[[14.4485,50.03703],[14.4438,50.03513],[14.43643,50.03313],[14.43139,50.033],[14.43125,50.03123],[14.43596,50.03115],[14.44143,50.02886],[14.43968,50.02657],[14.44309,50.02499],[14.44661,50.02691],[14.45127,50.02822],[14.45556,50.029],[14.45837,50.02684],[14.46113,50.02309],[14.46381,50.02443],[14.45965,50.02651],[14.462,50.0298],[14.45694,50.0324],[14.46067,50.03454],[14.4563,50.03494],[14.45711,50.03794],[14.45672,50.03799],[14.4485,50.03703]]]}},{"type":"Feature","properties":{"cislo":4081,"mco":"Praha 4"},"geometry":{"type":"Polygon","coordinates":[[[14.45127,50.02822],[14.45139,50.02763],[14.4538,50.0268],[14.45837,50.02684],[14.45556,50.029],[14.45127,50.02822]]]}},{"type":"Feature","properties":{"cislo":4082,"mco":"Praha 4"},"geometry":{"type":"Polygon","coordinates":[[[14.4538,50.0268],[14.45386,50.02522],[14.45768,50.02407],[14.45779,50.02383],[14.45841,50.02198],[14.45631,50.02197],[14.45635,50.02087],[14.4621,50.02177],[14.46626,50.02349],[14.46381,50.02443],[14.46113,50.02309],[14.45837,50.02684],[14.4538,50.0268]]]}},{"type":"Feature","properties":{"cislo":4083,"mco":"Praha 4"},"geometry":{"type":"Polygon","coordinates":[[[14.45139,50.02763],[14.45144,50.02518],[14.45386,50.02522],[14.4538,50.0268],[14.45139,50.02763]]]}},{"type":"Feature","properties":{"cislo":4084,"mco":"Praha 4"},"geometry":{"type":"Polygon","coordinates":[[[14.45144,50.02518],[14.45149,50.02424],[14.45768,50.02407],[14.45386,50.02522],[14.45144,50.02518]]]}},{"type":"Feature","properties":{"cislo":4085,"mco":"Praha 4"},"geometry":{"type":"Polygon","coordinates":[[[14.45768,50.02407],[14.45149,50.02424],[14.45153,50.02325],[14.45393,50.02314],[14.45779,50.02383],[14.45768,50.02407]]]}},{"type":"Feature","properties":{"cislo":4086,"mco":"Praha 4"},"geometry":{"type":"Polygon","coordinates":[[[14.45393,50.02314],[14.45396,50.0215],[14.45631,50.02197],[14.45841,50.02198],[14.45779,50.02383],[14.45393,50.02314]]]}},{"type":"Feature","properties":{"cislo":4087,"mco":"Praha 4"},"geometry":{"type":"Polygon","coordinates":[[[14.45153,50.02325],[14.45161,50.02094],[14.45396,50.0215],[14.45393,50.02314],[14.45153,50.02325]]]}},{"type":"Feature","properties":{"cislo":4088,"mco":"Praha 4"},"geometry":{"type":"Polygon","coordinates":[[[14.45631,50.02197],[14.45396,50.0215],[14.45161,50.02094],[14.45287,50.01901],[14.45416,50.01726],[14.45966,50.01895],[14.46268,50.02119],[14.4621,50.02177],[14.45635,50.02087],[14.45631,50.02197]]]}},{"type":"Feature","properties":{"cislo":4089,"mco":"Praha 4"},"geometry":{"type":"Polygon","coordinates":[[[14.45416,50.01726],[14.45665,50.01447],[14.46379,50.01585],[14.46219,50.0174],[14.46363,50.01897],[14.45966,50.01895],[14.45416,50.01726]]]}},{"type":"Feature","properties":{"cislo":4090,"mco":"Praha 4"},"geometry":{"type":"Polygon","coordinates":[[[14.46846,50.01696],[14.46268,50.02119],[14.45966,50.01895],[14.46363,50.01897],[14.46219,50.0174],[14.46379,50.01585],[14.46443,50.01606],[14.46846,50.01696]]]}},{"type":"Feature","properties":{"cislo":4091,"mco":"Praha 4"},"geometry":{"type":"Polygon","coordinates":[[[14.45287,50.01901],[14.45006,50.01831],[14.44865,50.02109],[14.44565,50.02073],[14.44917,50.01821],[14.45326,50.01334],[14.45665,50.01447],[14.45416,50.01726],[14.45287,50.01901]]]}},{"type":"Feature","properties":{"cislo":4092,"mco":"Praha 4"},"geometry":{"type":"Polygon","coordinates":[[[14.45149,50.02424],[14.4475,50.02337],[14.45006,50.01831],[14.45287,50.01901],[14.45161,50.02094],[14.45149,50.02424]]]}},{"type":"Feature","properties":{"cislo":4093,"mco":"Praha 4"},"geometry":{"type":"Polygon","coordinates":[[[14.45139,50.02763],[14.45127,50.02822],[14.44661,50.02691],[14.4475,50.02337],[14.45149,50.02424],[14.45139,50.02763]]]}},{"type":"Feature","properties":{"cislo":4094,"mco":"Praha 4"},"geometry":{"type":"Polygon","coordinates":[[[14.44309,50.02499],[14.44153,50.02409],[14.44039,50.02313],[14.44565,50.02073],[14.44865,50.02109],[14.4475,50.02337],[14.44661,50.02691],[14.44309,50.02499]]]}},{"type":"Feature","properties":{"cislo":4095,"mco":"Praha 4"},"geometry":{"type":"Polygon","coordinates":[[[14.43628,50.02466],[14.43666,50.02096],[14.43275,50.01905],[14.43537,50.01815],[14.43612,50.01867],[14.4392,50.02215],[14.44051,50.02308],[14.43628,50.02466]]]}},{"type":"Feature","properties":{"cislo":4096,"mco":"Praha 4"},"geometry":{"type":"Polygon","coordinates":[[[14.43607,50.02473],[14.43287,50.02512],[14.43035,50.02248],[14.42946,50.02126],[14.42713,50.0196],[14.43071,50.01915],[14.43275,50.01905],[14.43666,50.02096],[14.43628,50.02466],[14.43607,50.02473]]]}},{"type":"Feature","properties":{"cislo":4097,"mco":"Praha 4"},"geometry":{"type":"Polygon","coordinates":[[[14.41588,50.06188],[14.41638,50.05831],[14.41947,50.05851],[14.42111,50.05837],[14.42271,50.05867],[14.42368,50.05999],[14.42351,50.06151],[14.41856,50.06326],[14.41588,50.06188]]]}},{"type":"Feature","properties":{"cislo":4098,"mco":"Praha 4"},"geometry":{"type":"Polygon","coordinates":[[[14.42271,50.05867],[14.42397,50.05745],[14.42863,50.05749],[14.42883,50.05805],[14.42368,50.05999],[14.42271,50.05867]]]}},{"type":"Feature","properties":{"cislo":4099,"mco":"Praha 4"},"geometry":{"type":"Polygon","coordinates":[[[14.42111,50.05837],[14.42397,50.05745],[14.42271,50.05867],[14.42111,50.05837]]]}},{"type":"Feature","properties":{"cislo":4100,"mco":"Praha 4"},"geometry":{"type":"Polygon","coordinates":[[[14.41947,50.05851],[14.42026,50.05334],[14.42217,50.05308],[14.423,50.05593],[14.42397,50.05745],[14.42111,50.05837],[14.41947,50.05851]]]}},{"type":"Feature","properties":{"cislo":4101,"mco":"Praha 4"},"geometry":{"type":"Polygon","coordinates":[[[14.42863,50.05749],[14.42397,50.05745],[14.423,50.05593],[14.42501,50.05396],[14.42948,50.05439],[14.43091,50.0569],[14.42863,50.05749]]]}},{"type":"Feature","properties":{"cislo":4102,"mco":"Praha 4"},"geometry":{"type":"Polygon","coordinates":[[[14.423,50.05593],[14.42217,50.05308],[14.4194,50.05009],[14.41768,50.04929],[14.41883,50.04781],[14.42366,50.04889],[14.42872,50.04947],[14.42741,50.0515],[14.43003,50.05273],[14.42948,50.05439],[14.42501,50.05396],[14.423,50.05593]]]}},{"type":"Feature","properties":{"cislo":4103,"mco":"Praha 4"},"geometry":{"type":"Polygon","coordinates":[[[14.41638,50.05831],[14.4123,50.0497],[14.4194,50.05009],[14.42217,50.05308],[14.42026,50.05334],[14.41947,50.05851],[14.41638,50.05831]]]}},{"type":"Feature","properties":{"cislo":4104,"mco":"Praha 4"},"geometry":{"type":"Polygon","coordinates":[[[14.4123,50.0497],[14.41017,50.04449],[14.41234,50.04376],[14.41454,50.04505],[14.41569,50.04488],[14.41883,50.04781],[14.41768,50.04929],[14.4194,50.05009],[14.4123,50.0497]]]}},{"type":"Feature","properties":{"cislo":4105,"mco":"Praha 4"},"geometry":{"type":"Polygon","coordinates":[[[14.42815,50.04362],[14.42399,50.04543],[14.42366,50.04889],[14.41883,50.04781],[14.41569,50.04488],[14.41935,50.04396],[14.41923,50.04574],[14.4277,50.04335],[14.42815,50.04362]]]}},{"type":"Feature","properties":{"cislo":4106,"mco":"Praha 4"},"geometry":{"type":"Polygon","coordinates":[[[14.42872,50.04947],[14.42366,50.04889],[14.42399,50.04543],[14.42815,50.04362],[14.42533,50.04537],[14.4305,50.04517],[14.42986,50.04857],[14.42872,50.04947]]]}},{"type":"Feature","properties":{"cislo":4107,"mco":"Praha 4"},"geometry":{"type":"Polygon","coordinates":[[[14.42986,50.04857],[14.43021,50.04671],[14.43349,50.04749],[14.43362,50.04895],[14.42986,50.04857]]]}},{"type":"Feature","properties":{"cislo":4108,"mco":"Praha 4"},"geometry":{"type":"Polygon","coordinates":[[[14.43362,50.04895],[14.43349,50.04749],[14.43021,50.04671],[14.4305,50.04517],[14.43386,50.04528],[14.43412,50.04597],[14.43484,50.04888],[14.43362,50.04895]]]}},{"type":"Feature","properties":{"cislo":4109,"mco":"Praha 4"},"geometry":{"type":"Polygon","coordinates":[[[14.42815,50.04362],[14.4277,50.04335],[14.43143,50.04015],[14.4338,50.04151],[14.43391,50.04452],[14.43386,50.04528],[14.4305,50.04517],[14.42533,50.04537],[14.42815,50.04362]]]}},{"type":"Feature","properties":{"cislo":4110,"mco":"Praha 4"},"geometry":{"type":"Polygon","coordinates":[[[14.4277,50.04335],[14.41923,50.04574],[14.41935,50.04396],[14.42737,50.03921],[14.43143,50.04015],[14.4277,50.04335]]]}},{"type":"Feature","properties":{"cislo":4111,"mco":"Praha 4"},"geometry":{"type":"Polygon","coordinates":[[[14.41454,50.04505],[14.41477,50.04137],[14.42414,50.03903],[14.42737,50.03921],[14.41935,50.04396],[14.41569,50.04488],[14.41454,50.04505]]]}},{"type":"Feature","properties":{"cislo":4112,"mco":"Praha 4"},"geometry":{"type":"Polygon","coordinates":[[[14.42261,50.03942],[14.41469,50.037],[14.41797,50.03513],[14.42845,50.03696],[14.42691,50.03735],[14.42854,50.03803],[14.4243,50.03751],[14.42414,50.03903],[14.42261,50.03942]]]}},{"type":"Feature","properties":{"cislo":4113,"mco":"Praha 4"},"geometry":{"type":"Polygon","coordinates":[[[14.41017,50.04449],[14.40826,50.04117],[14.41142,50.04009],[14.41202,50.03818],[14.41469,50.037],[14.42261,50.03942],[14.41477,50.04137],[14.41454,50.04505],[14.41234,50.04376],[14.41017,50.04449]]]}},{"type":"Feature","properties":{"cislo":4114,"mco":"Praha 4"},"geometry":{"type":"Polygon","coordinates":[[[14.40694,50.03933],[14.40829,50.0358],[14.41086,50.03803],[14.41202,50.03818],[14.41142,50.04009],[14.40826,50.04117],[14.40694,50.03933]]]}},{"type":"Feature","properties":{"cislo":4115,"mco":"Praha 4"},"geometry":{"type":"Polygon","coordinates":[[[14.40006,50.03104],[14.39799,50.02853],[14.40528,50.02674],[14.40854,50.02941],[14.41018,50.02834],[14.41635,50.0318],[14.4162,50.03268],[14.41478,50.03236],[14.41264,50.03555],[14.41086,50.03803],[14.40829,50.0358],[14.40694,50.03933],[14.40006,50.03104]]]}},{"type":"Feature","properties":{"cislo":4116,"mco":"Praha 4"},"geometry":{"type":"Polygon","coordinates":[[[14.41086,50.03803],[14.41264,50.03555],[14.41565,50.03473],[14.41797,50.03513],[14.41469,50.037],[14.41202,50.03818],[14.41086,50.03803]]]}},{"type":"Feature","properties":{"cislo":4117,"mco":"Praha 4"},"geometry":{"type":"Polygon","coordinates":[[[14.41565,50.03473],[14.41264,50.03555],[14.41478,50.03236],[14.4162,50.03268],[14.41851,50.03428],[14.41565,50.03473]]]}},{"type":"Feature","properties":{"cislo":4118,"mco":"Praha 4"},"geometry":{"type":"Polygon","coordinates":[[[14.41797,50.03513],[14.41565,50.03473],[14.41851,50.03428],[14.4162,50.03268],[14.41635,50.0318],[14.42894,50.03295],[14.42845,50.03696],[14.41797,50.03513]]]}},{"type":"Feature","properties":{"cislo":4119,"mco":"Praha 4"},"geometry":{"type":"Polygon","coordinates":[[[14.41635,50.0318],[14.41018,50.02834],[14.41819,50.02614],[14.42145,50.02552],[14.42152,50.02723],[14.42555,50.02756],[14.41954,50.02827],[14.41635,50.0318]]]}},{"type":"Feature","properties":{"cislo":4120,"mco":"Praha 4"},"geometry":{"type":"Polygon","coordinates":[[[14.42894,50.03295],[14.41635,50.0318],[14.41954,50.02827],[14.42555,50.02756],[14.4279,50.02763],[14.43125,50.03123],[14.43139,50.033],[14.42894,50.03295]]]}},{"type":"Feature","properties":{"cislo":4121,"mco":"Praha 4"},"geometry":{"type":"Polygon","coordinates":[[[14.42555,50.02756],[14.42152,50.02723],[14.42145,50.02552],[14.42333,50.0247],[14.42642,50.02469],[14.42874,50.02554],[14.42666,50.02577],[14.4279,50.02763],[14.42555,50.02756]]]}},{"type":"Feature","properties":{"cislo":4122,"mco":"Praha 4"},"geometry":{"type":"Polygon","coordinates":[[[14.43125,50.03123],[14.4279,50.02763],[14.42666,50.02577],[14.42874,50.02554],[14.43163,50.02559],[14.43295,50.02768],[14.43596,50.03115],[14.43125,50.03123]]]}},{"type":"Feature","properties":{"cislo":4123,"mco":"Praha 4"},"geometry":{"type":"Polygon","coordinates":[[[14.43596,50.03115],[14.43295,50.02768],[14.43655,50.02538],[14.44153,50.02409],[14.44309,50.02499],[14.43968,50.02657],[14.44143,50.02886],[14.43596,50.03115]]]}},{"type":"Feature","properties":{"cislo":4124,"mco":"Praha 4"},"geometry":{"type":"Polygon","coordinates":[[[14.43655,50.02538],[14.43607,50.02473],[14.44039,50.02313],[14.44153,50.02409],[14.43655,50.02538]]]}},{"type":"Feature","properties":{"cislo":4125,"mco":"Praha 4"},"geometry":{"type":"Polygon","coordinates":[[[14.43295,50.02768],[14.43163,50.02559],[14.43287,50.02512],[14.43607,50.02473],[14.43655,50.02538],[14.43295,50.02768]]]}},{"type":"Feature","properties":{"cislo":4126,"mco":"Praha 4"},"geometry":{"type":"Polygon","coordinates":[[[14.43163,50.02559],[14.42874,50.02554],[14.42642,50.02469],[14.43035,50.02248],[14.43287,50.02512],[14.43163,50.02559]]]}},{"type":"Feature","properties":{"cislo":4127,"mco":"Praha 4"},"geometry":{"type":"Polygon","coordinates":[[[14.42946,50.02126],[14.43035,50.02248],[14.42642,50.02469],[14.42333,50.0247],[14.42288,50.02151],[14.42946,50.02126]]]}},{"type":"Feature","properties":{"cislo":4128,"mco":"Praha 4"},"geometry":{"type":"Polygon","coordinates":[[[14.41819,50.02614],[14.41774,50.02487],[14.41889,50.02248],[14.41599,50.02175],[14.41736,50.01828],[14.42713,50.0196],[14.42946,50.02126],[14.42288,50.02151],[14.42333,50.0247],[14.42145,50.02552],[14.41819,50.02614]]]}},{"type":"Feature","properties":{"cislo":4129,"mco":"Praha 4"},"geometry":{"type":"Polygon","coordinates":[[[14.41599,50.02175],[14.41041,50.01985],[14.40929,50.02085],[14.40659,50.02004],[14.40802,50.01645],[14.41418,50.01703],[14.41736,50.01828],[14.41599,50.02175]]]}},{"type":"Feature","properties":{"cislo":4131,"mco":"Praha 4"},"geometry":{"type":"Polygon","coordinates":[[[14.39799,50.02853],[14.39594,50.01893],[14.40802,50.01645],[14.40659,50.02004],[14.40929,50.02085],[14.41774,50.02487],[14.41819,50.02614],[14.41018,50.02834],[14.40854,50.02941],[14.40528,50.02674],[14.39799,50.02853]]]}},{"type":"Feature","properties":{"cislo":4132,"mco":"Praha 4"},"geometry":{"type":"Polygon","coordinates":[[[14.44965,50.04283],[14.45015,50.04252],[14.45103,50.04312],[14.44965,50.04283]]]}},{"type":"Feature","properties":{"cislo":47001,"mco":"Praha-Satalice"},"geometry":{"type":"Polygon","coordinates":[[[14.60095,50.12938],[14.59829,50.12939],[14.598,50.12786],[14.59001,50.12856],[14.5875,50.1309],[14.58415,50.13004],[14.58364,50.13331],[14.57605,50.13462],[14.57492,50.13617],[14.5677,50.1341],[14.56365,50.13304],[14.56264,50.12065],[14.5759,50.11753],[14.57978,50.1188],[14.57995,50.11729],[14.58715,50.11725],[14.5872,50.1208],[14.59291,50.12077],[14.59186,50.12287],[14.60272,50.12148],[14.60464,50.12848],[14.60095,50.12938]]]}},{"type":"Feature","properties":{"cislo":15001,"mco":"Praha 15"},"geometry":{"type":"Polygon","coordinates":[[[14.56043,50.04921],[14.55661,50.04824],[14.5576,50.04575],[14.56201,50.04783],[14.56043,50.04921]]]}},{"type":"Feature","properties":{"cislo":15002,"mco":"Praha 15"},"geometry":{"type":"Polygon","coordinates":[[[14.56556,50.04287],[14.56385,50.04397],[14.55945,50.04276],[14.56222,50.04276],[14.56222,50.04087],[14.56543,50.04082],[14.56556,50.04287]]]}},{"type":"Feature","properties":{"cislo":15003,"mco":"Praha 15"},"geometry":{"type":"Polygon","coordinates":[[[14.55945,50.04276],[14.55774,50.04261],[14.55939,50.04108],[14.5579,50.04079],[14.55785,50.04028],[14.56094,50.04],[14.56364,50.03826],[14.56414,50.04085],[14.56222,50.04087],[14.56222,50.04276],[14.55945,50.04276]]]}},{"type":"Feature","properties":{"cislo":15004,"mco":"Praha 15"},"geometry":{"type":"Polygon","coordinates":[[[14.56857,50.04637],[14.57105,50.04753],[14.56693,50.05152],[14.5637,50.05089],[14.56292,50.05195],[14.56091,50.05055],[14.56043,50.04921],[14.56201,50.04783],[14.5576,50.04575],[14.55757,50.04366],[14.55774,50.04261],[14.55945,50.04276],[14.56385,50.04397],[14.56556,50.04287],[14.56857,50.04637]]]}},{"type":"Feature","properties":{"cislo":15005,"mco":"Praha 15"},"geometry":{"type":"Polygon","coordinates":[[[14.56414,50.04085],[14.56364,50.03826],[14.56397,50.03782],[14.56637,50.03701],[14.56741,50.03878],[14.56923,50.03815],[14.57153,50.04108],[14.56543,50.04082],[14.56414,50.04085]]]}},{"type":"Feature","properties":{"cislo":15006,"mco":"Praha 15"},"geometry":{"type":"Polygon","coordinates":[[[14.5473,50.04422],[14.5496,50.04026],[14.55617,50.04311],[14.55757,50.04366],[14.55028,50.04496],[14.5473,50.04422]]]}},{"type":"Feature","properties":{"cislo":15007,"mco":"Praha 15"},"geometry":{"type":"Polygon","coordinates":[[[14.55757,50.04366],[14.55617,50.04311],[14.55237,50.04145],[14.5579,50.04079],[14.55939,50.04108],[14.55774,50.04261],[14.55757,50.04366]]]}},{"type":"Feature","properties":{"cislo":15008,"mco":"Praha 15"},"geometry":{"type":"Polygon","coordinates":[[[14.5579,50.04079],[14.55237,50.04145],[14.55617,50.04311],[14.5496,50.04026],[14.55085,50.0382],[14.55735,50.04025],[14.55785,50.04028],[14.5579,50.04079]]]}},{"type":"Feature","properties":{"cislo":15009,"mco":"Praha 15"},"geometry":{"type":"Polygon","coordinates":[[[14.52295,50.07377],[14.52331,50.06709],[14.52106,50.06746],[14.51839,50.0646],[14.51768,50.06132],[14.52471,50.0567],[14.53273,50.05454],[14.53272,50.05277],[14.53647,50.05472],[14.54593,50.0544],[14.54693,50.05657],[14.54923,50.05585],[14.55075,50.05688],[14.54925,50.05706],[14.5454,50.05925],[14.54253,50.05911],[14.53997,50.0652],[14.53717,50.06471],[14.53813,50.06701],[14.53538,50.06883],[14.53139,50.07231],[14.52824,50.07495],[14.52295,50.07377]]]}},{"type":"Feature","properties":{"cislo":15010,"mco":"Praha 15"},"geometry":{"type":"Polygon","coordinates":[[[14.5461,50.05374],[14.54512,50.05378],[14.54173,50.05338],[14.5389,50.05067],[14.54277,50.05178],[14.5461,50.05374]]]}},{"type":"Feature","properties":{"cislo":15011,"mco":"Praha 15"},"geometry":{"type":"Polygon","coordinates":[[[14.54892,50.05423],[14.5461,50.05374],[14.54277,50.05178],[14.54376,50.04989],[14.54759,50.04971],[14.54868,50.04836],[14.54892,50.05423]]]}},{"type":"Feature","properties":{"cislo":15012,"mco":"Praha 15"},"geometry":{"type":"Polygon","coordinates":[[[14.54277,50.05178],[14.5389,50.05067],[14.54223,50.04954],[14.54376,50.04989],[14.54277,50.05178]]]}},{"type":"Feature","properties":{"cislo":15013,"mco":"Praha 15"},"geometry":{"type":"Polygon","coordinates":[[[14.54376,50.04989],[14.54223,50.04954],[14.54355,50.04862],[14.54759,50.04971],[14.54376,50.04989]]]}},{"type":"Feature","properties":{"cislo":15014,"mco":"Praha 15"},"geometry":{"type":"Polygon","coordinates":[[[14.54759,50.04971],[14.54355,50.04862],[14.54512,50.04744],[14.54868,50.04836],[14.54759,50.04971]]]}},{"type":"Feature","properties":{"cislo":15015,"mco":"Praha 15"},"geometry":{"type":"Polygon","coordinates":[[[14.53272,50.05277],[14.53069,50.05224],[14.53333,50.04736],[14.52509,50.04463],[14.52195,50.04279],[14.51781,50.04069],[14.51871,50.03913],[14.5255,50.03754],[14.53092,50.0383],[14.53366,50.03969],[14.53883,50.04009],[14.53966,50.03828],[14.54364,50.03811],[14.54362,50.03626],[14.54746,50.0359],[14.55085,50.0382],[14.5496,50.04026],[14.5473,50.04422],[14.54512,50.04744],[14.54355,50.04862],[14.54223,50.04954],[14.5389,50.05067],[14.54173,50.05338],[14.54512,50.05378],[14.54593,50.0544],[14.53647,50.05472],[14.53272,50.05277]]]}},{"type":"Feature","properties":{"cislo":15016,"mco":"Praha 15"},"geometry":{"type":"Polygon","coordinates":[[[14.53069,50.05224],[14.52601,50.05052],[14.52104,50.05239],[14.52075,50.05103],[14.51622,50.05036],[14.51866,50.04709],[14.52676,50.04732],[14.52509,50.04463],[14.53333,50.04736],[14.53069,50.05224]]]}},{"type":"Feature","properties":{"cislo":15017,"mco":"Praha 15"},"geometry":{"type":"Polygon","coordinates":[[[14.51866,50.04709],[14.51826,50.04638],[14.51678,50.04568],[14.51915,50.04494],[14.52195,50.04279],[14.52509,50.04463],[14.52676,50.04732],[14.51866,50.04709]]]}},{"type":"Feature","properties":{"cislo":15018,"mco":"Praha 15"},"geometry":{"type":"Polygon","coordinates":[[[14.50234,50.04518],[14.50271,50.04453],[14.51243,50.04565],[14.51258,50.04392],[14.51358,50.04246],[14.51132,50.04064],[14.51871,50.03913],[14.51781,50.04069],[14.52195,50.04279],[14.51915,50.04494],[14.51535,50.04299],[14.51301,50.04362],[14.51259,50.04503],[14.518,50.04629],[14.51272,50.05006],[14.50988,50.05105],[14.50733,50.05058],[14.50626,50.04623],[14.50234,50.04518]]]}},{"type":"Feature","properties":{"cislo":15019,"mco":"Praha 15"},"geometry":{"type":"Polygon","coordinates":[[[14.51564,50.05113],[14.51272,50.05006],[14.518,50.04629],[14.51259,50.04503],[14.51301,50.04362],[14.51535,50.04299],[14.51915,50.04494],[14.51678,50.04568],[14.51826,50.04638],[14.51866,50.04709],[14.51564,50.05113]]]}},{"type":"Feature","properties":{"cislo":15020,"mco":"Praha 15"},"geometry":{"type":"Polygon","coordinates":[[[14.52471,50.0567],[14.52326,50.05381],[14.51539,50.05572],[14.51543,50.05428],[14.51564,50.05113],[14.51622,50.05036],[14.52075,50.05103],[14.52104,50.05239],[14.52601,50.05052],[14.53069,50.05224],[14.53272,50.05277],[14.53273,50.05454],[14.52471,50.0567]]]}},{"type":"Feature","properties":{"cislo":15021,"mco":"Praha 15"},"geometry":{"type":"Polygon","coordinates":[[[14.51484,50.06102],[14.51491,50.059],[14.51539,50.05572],[14.52326,50.05381],[14.52471,50.0567],[14.51768,50.06132],[14.51484,50.06102]]]}},{"type":"Feature","properties":{"cislo":15022,"mco":"Praha 15"},"geometry":{"type":"Polygon","coordinates":[[[14.56556,50.04287],[14.56543,50.04082],[14.57153,50.04108],[14.57563,50.04201],[14.56857,50.04637],[14.56556,50.04287]]]}},{"type":"Feature","properties":{"cislo":15023,"mco":"Praha 15"},"geometry":{"type":"Polygon","coordinates":[[[14.55719,50.04992],[14.5564,50.05218],[14.5529,50.05189],[14.55094,50.05454],[14.54892,50.05423],[14.54868,50.04836],[14.54512,50.04744],[14.5473,50.04422],[14.55028,50.04496],[14.55757,50.04366],[14.5576,50.04575],[14.55661,50.04824],[14.56043,50.04921],[14.56091,50.05055],[14.55719,50.04992]]]}},{"type":"Feature","properties":{"cislo":11001,"mco":"Praha 11"},"geometry":{"type":"Polygon","coordinates":[[[14.51871,50.03913],[14.51132,50.04064],[14.51081,50.04007],[14.51334,50.03782],[14.51875,50.03912],[14.51871,50.03913]]]}},{"type":"Feature","properties":{"cislo":11002,"mco":"Praha 11"},"geometry":{"type":"Polygon","coordinates":[[[14.51334,50.03782],[14.51476,50.03603],[14.51863,50.03873],[14.51952,50.03891],[14.51875,50.03912],[14.51334,50.03782]]]}},{"type":"Feature","properties":{"cislo":11003,"mco":"Praha 11"},"geometry":{"type":"Polygon","coordinates":[[[14.51917,50.03571],[14.51863,50.03873],[14.51476,50.03603],[14.51537,50.03515],[14.51807,50.03566],[14.51917,50.03571]]]}},{"type":"Feature","properties":{"cislo":11004,"mco":"Praha 11"},"geometry":{"type":"Polygon","coordinates":[[[14.51863,50.03873],[14.51917,50.03571],[14.52066,50.0357],[14.52515,50.03499],[14.5255,50.03754],[14.51952,50.03891],[14.51863,50.03873]]]}},{"type":"Feature","properties":{"cislo":11005,"mco":"Praha 11"},"geometry":{"type":"Polygon","coordinates":[[[14.53092,50.0383],[14.5255,50.03754],[14.52515,50.03499],[14.52066,50.0357],[14.52273,50.03253],[14.52964,50.03447],[14.53179,50.03551],[14.52645,50.03636],[14.53144,50.0373],[14.53092,50.0383]]]}},{"type":"Feature","properties":{"cislo":11006,"mco":"Praha 11"},"geometry":{"type":"Polygon","coordinates":[[[14.53366,50.03969],[14.53092,50.0383],[14.53144,50.0373],[14.52645,50.03636],[14.53179,50.03551],[14.5327,50.03361],[14.53395,50.03501],[14.53366,50.03969]]]}},{"type":"Feature","properties":{"cislo":11007,"mco":"Praha 11"},"geometry":{"type":"Polygon","coordinates":[[[14.52273,50.03253],[14.52572,50.02925],[14.52963,50.03082],[14.53249,50.03121],[14.53063,50.03142],[14.52617,50.0335],[14.52273,50.03253]]]}},{"type":"Feature","properties":{"cislo":11008,"mco":"Praha 11"},"geometry":{"type":"Polygon","coordinates":[[[14.53063,50.03142],[14.52964,50.03447],[14.52617,50.0335],[14.53063,50.03142]]]}},{"type":"Feature","properties":{"cislo":11009,"mco":"Praha 11"},"geometry":{"type":"Polygon","coordinates":[[[14.52964,50.03447],[14.53063,50.03142],[14.53249,50.03121],[14.53352,50.03159],[14.5327,50.03361],[14.53179,50.03551],[14.52964,50.03447]]]}},{"type":"Feature","properties":{"cislo":11010,"mco":"Praha 11"},"geometry":{"type":"Polygon","coordinates":[[[14.5327,50.03361],[14.53352,50.03159],[14.53585,50.03318],[14.53395,50.03501],[14.5327,50.03361]]]}},{"type":"Feature","properties":{"cislo":11011,"mco":"Praha 11"},"geometry":{"type":"Polygon","coordinates":[[[14.54362,50.03626],[14.54364,50.03811],[14.53966,50.03828],[14.53883,50.04009],[14.53366,50.03969],[14.53395,50.03501],[14.5368,50.03222],[14.53839,50.03093],[14.5403,50.03135],[14.53971,50.03351],[14.54234,50.03344],[14.54362,50.03626]]]}},{"type":"Feature","properties":{"cislo":11012,"mco":"Praha 11"},"geometry":{"type":"Polygon","coordinates":[[[14.53839,50.03093],[14.53776,50.02877],[14.54057,50.02775],[14.5434,50.02681],[14.54745,50.02939],[14.54886,50.0285],[14.54962,50.02951],[14.54533,50.03042],[14.54234,50.03344],[14.53971,50.03351],[14.5403,50.03135],[14.53839,50.03093]]]}},{"type":"Feature","properties":{"cislo":11013,"mco":"Praha 11"},"geometry":{"type":"Polygon","coordinates":[[[14.53529,50.02946],[14.53776,50.02877],[14.53839,50.03093],[14.5368,50.03222],[14.53472,50.0316],[14.53529,50.02946]]]}},{"type":"Feature","properties":{"cislo":11014,"mco":"Praha 11"},"geometry":{"type":"Polygon","coordinates":[[[14.53585,50.03318],[14.53352,50.03159],[14.53529,50.02946],[14.53472,50.0316],[14.5368,50.03222],[14.53585,50.03318]]]}},{"type":"Feature","properties":{"cislo":11015,"mco":"Praha 11"},"geometry":{"type":"Polygon","coordinates":[[[14.53352,50.03159],[14.53249,50.03121],[14.53156,50.03107],[14.53151,50.02797],[14.53308,50.02594],[14.54057,50.02775],[14.53776,50.02877],[14.53529,50.02946],[14.53352,50.03159]]]}},{"type":"Feature","properties":{"cislo":11016,"mco":"Praha 11"},"geometry":{"type":"Polygon","coordinates":[[[14.53151,50.02797],[14.52641,50.02819],[14.528,50.02645],[14.52372,50.02343],[14.52701,50.02406],[14.53308,50.02594],[14.53151,50.02797]]]}},{"type":"Feature","properties":{"cislo":11017,"mco":"Praha 11"},"geometry":{"type":"Polygon","coordinates":[[[14.53156,50.03107],[14.52963,50.03082],[14.52912,50.02903],[14.52588,50.02863],[14.52641,50.02819],[14.53151,50.02797],[14.53156,50.03107]]]}},{"type":"Feature","properties":{"cislo":11018,"mco":"Praha 11"},"geometry":{"type":"Polygon","coordinates":[[[14.52963,50.03082],[14.52572,50.02925],[14.52533,50.02898],[14.52588,50.02863],[14.52912,50.02903],[14.52963,50.03082]]]}},{"type":"Feature","properties":{"cislo":11019,"mco":"Praha 11"},"geometry":{"type":"Polygon","coordinates":[[[14.52436,50.02826],[14.52617,50.02513],[14.528,50.02645],[14.52641,50.02819],[14.52588,50.02863],[14.52533,50.02898],[14.52436,50.02826]]]}},{"type":"Feature","properties":{"cislo":11020,"mco":"Praha 11"},"geometry":{"type":"Polygon","coordinates":[[[14.52382,50.02789],[14.52196,50.02658],[14.52264,50.02528],[14.52375,50.02344],[14.52617,50.02513],[14.52436,50.02826],[14.52382,50.02789]]]}},{"type":"Feature","properties":{"cislo":11021,"mco":"Praha 11"},"geometry":{"type":"Polygon","coordinates":[[[14.52375,50.02344],[14.52264,50.02528],[14.52088,50.02508],[14.52163,50.02265],[14.52375,50.02344]]]}},{"type":"Feature","properties":{"cislo":11022,"mco":"Praha 11"},"geometry":{"type":"Polygon","coordinates":[[[14.52195,50.02657],[14.51722,50.02556],[14.51462,50.02527],[14.5148,50.02466],[14.51841,50.02482],[14.51923,50.02188],[14.52163,50.02265],[14.52088,50.02508],[14.52264,50.02528],[14.52195,50.02657]]]}},{"type":"Feature","properties":{"cislo":11023,"mco":"Praha 11"},"geometry":{"type":"Polygon","coordinates":[[[14.51923,50.02188],[14.51841,50.02482],[14.5148,50.02466],[14.51528,50.023],[14.51682,50.02318],[14.51736,50.02121],[14.51923,50.02188]]]}},{"type":"Feature","properties":{"cislo":11024,"mco":"Praha 11"},"geometry":{"type":"Polygon","coordinates":[[[14.51528,50.023],[14.51354,50.02281],[14.51423,50.02036],[14.51736,50.02121],[14.51682,50.02318],[14.51528,50.023]]]}},{"type":"Feature","properties":{"cislo":11025,"mco":"Praha 11"},"geometry":{"type":"Polygon","coordinates":[[[14.50889,50.02398],[14.50882,50.02256],[14.50886,50.02084],[14.51399,50.02031],[14.51423,50.02036],[14.51354,50.02281],[14.51528,50.023],[14.51501,50.02393],[14.51317,50.02499],[14.50889,50.02398]]]}},{"type":"Feature","properties":{"cislo":11026,"mco":"Praha 11"},"geometry":{"type":"Polygon","coordinates":[[[14.51462,50.02527],[14.5121,50.02803],[14.50808,50.02758],[14.50889,50.02398],[14.51317,50.02499],[14.51501,50.02393],[14.51462,50.02527]]]}},{"type":"Feature","properties":{"cislo":11027,"mco":"Praha 11"},"geometry":{"type":"Polygon","coordinates":[[[14.51403,50.02825],[14.5121,50.02803],[14.51462,50.02527],[14.51559,50.02538],[14.51443,50.02828],[14.51403,50.02825]]]}},{"type":"Feature","properties":{"cislo":11028,"mco":"Praha 11"},"geometry":{"type":"Polygon","coordinates":[[[14.51443,50.02828],[14.51559,50.02538],[14.51722,50.02556],[14.51771,50.02697],[14.51728,50.0286],[14.51443,50.02828]]]}},{"type":"Feature","properties":{"cislo":11029,"mco":"Praha 11"},"geometry":{"type":"Polygon","coordinates":[[[14.51771,50.02697],[14.51722,50.02556],[14.52195,50.02657],[14.51771,50.02697]]]}},{"type":"Feature","properties":{"cislo":11030,"mco":"Praha 11"},"geometry":{"type":"Polygon","coordinates":[[[14.52045,50.02925],[14.51811,50.02894],[14.51728,50.0286],[14.51771,50.02697],[14.52195,50.02657],[14.52382,50.02789],[14.52318,50.02927],[14.52045,50.02925]]]}},{"type":"Feature","properties":{"cislo":11031,"mco":"Praha 11"},"geometry":{"type":"Polygon","coordinates":[[[14.52572,50.02925],[14.52388,50.03128],[14.52045,50.02925],[14.52318,50.02927],[14.52382,50.02789],[14.52572,50.02925]]]}},{"type":"Feature","properties":{"cislo":11032,"mco":"Praha 11"},"geometry":{"type":"Polygon","coordinates":[[[14.5188,50.03247],[14.52027,50.02922],[14.52045,50.02925],[14.52388,50.03128],[14.52273,50.03253],[14.5188,50.03247]]]}},{"type":"Feature","properties":{"cislo":11033,"mco":"Praha 11"},"geometry":{"type":"Polygon","coordinates":[[[14.51695,50.03226],[14.51811,50.02894],[14.52027,50.02922],[14.5188,50.03247],[14.51695,50.03226]]]}},{"type":"Feature","properties":{"cislo":11034,"mco":"Praha 11"},"geometry":{"type":"Polygon","coordinates":[[[14.51695,50.03226],[14.51313,50.03184],[14.51403,50.02825],[14.51728,50.0286],[14.51811,50.02894],[14.51695,50.03226]]]}},{"type":"Feature","properties":{"cislo":11035,"mco":"Praha 11"},"geometry":{"type":"Polygon","coordinates":[[[14.51313,50.03184],[14.5075,50.03221],[14.50711,50.03123],[14.50808,50.02758],[14.51403,50.02825],[14.51313,50.03184]]]}},{"type":"Feature","properties":{"cislo":11036,"mco":"Praha 11"},"geometry":{"type":"Polygon","coordinates":[[[14.51297,50.03247],[14.51242,50.03443],[14.50771,50.03269],[14.5075,50.03221],[14.51313,50.03184],[14.51297,50.03247]]]}},{"type":"Feature","properties":{"cislo":11037,"mco":"Praha 11"},"geometry":{"type":"Polygon","coordinates":[[[14.51242,50.03443],[14.51297,50.03247],[14.51579,50.03335],[14.51529,50.03513],[14.51242,50.03443]]]}},{"type":"Feature","properties":{"cislo":11038,"mco":"Praha 11"},"geometry":{"type":"Polygon","coordinates":[[[14.51537,50.03515],[14.51529,50.03513],[14.51579,50.03335],[14.51297,50.03247],[14.51313,50.03184],[14.51907,50.03249],[14.51876,50.03364],[14.51807,50.03566],[14.51537,50.03515]]]}},{"type":"Feature","properties":{"cislo":11039,"mco":"Praha 11"},"geometry":{"type":"Polygon","coordinates":[[[14.52156,50.03433],[14.51876,50.03364],[14.51907,50.03249],[14.52273,50.03253],[14.52156,50.03433]]]}},{"type":"Feature","properties":{"cislo":11040,"mco":"Praha 11"},"geometry":{"type":"Polygon","coordinates":[[[14.51807,50.03566],[14.51876,50.03364],[14.52156,50.03433],[14.52066,50.0357],[14.51917,50.03571],[14.51807,50.03566]]]}},{"type":"Feature","properties":{"cislo":11041,"mco":"Praha 11"},"geometry":{"type":"Polygon","coordinates":[[[14.50771,50.03269],[14.50845,50.03617],[14.50153,50.03518],[14.50178,50.03266],[14.50298,50.03231],[14.50534,50.03274],[14.50711,50.03123],[14.50771,50.03269]]]}},{"type":"Feature","properties":{"cislo":11042,"mco":"Praha 11"},"geometry":{"type":"Polygon","coordinates":[[[14.50433,50.03898],[14.50423,50.03667],[14.50096,50.03622],[14.50153,50.03518],[14.50845,50.03617],[14.50872,50.03689],[14.50621,50.0369],[14.50503,50.03926],[14.50433,50.03898]]]}},{"type":"Feature","properties":{"cislo":11043,"mco":"Praha 11"},"geometry":{"type":"Polygon","coordinates":[[[14.50605,50.03966],[14.50958,50.03832],[14.50872,50.03689],[14.50845,50.03617],[14.50771,50.03269],[14.51242,50.03443],[14.51537,50.03515],[14.51476,50.03603],[14.51334,50.03782],[14.51081,50.04007],[14.50605,50.03966]]]}},{"type":"Feature","properties":{"cislo":11044,"mco":"Praha 11"},"geometry":{"type":"Polygon","coordinates":[[[14.50503,50.03926],[14.50621,50.0369],[14.50872,50.03689],[14.50958,50.03832],[14.50605,50.03966],[14.50503,50.03926]]]}},{"type":"Feature","properties":{"cislo":11045,"mco":"Praha 11"},"geometry":{"type":"Polygon","coordinates":[[[14.50711,50.03123],[14.50534,50.03274],[14.50298,50.03231],[14.49941,50.03087],[14.50318,50.02643],[14.50075,50.02574],[14.50882,50.02256],[14.50889,50.02398],[14.50808,50.02758],[14.50711,50.03123]]]}},{"type":"Feature","properties":{"cislo":11046,"mco":"Praha 11"},"geometry":{"type":"Polygon","coordinates":[[[14.4951,50.03635],[14.49213,50.0345],[14.49485,50.02947],[14.50075,50.02574],[14.50318,50.02643],[14.49941,50.03087],[14.50298,50.03231],[14.50178,50.03266],[14.49757,50.03472],[14.4951,50.03635]]]}},{"type":"Feature","properties":{"cislo":11047,"mco":"Praha 11"},"geometry":{"type":"Polygon","coordinates":[[[14.49757,50.03472],[14.50178,50.03266],[14.50153,50.03518],[14.50096,50.03622],[14.49757,50.03472]]]}},{"type":"Feature","properties":{"cislo":11048,"mco":"Praha 11"},"geometry":{"type":"Polygon","coordinates":[[[14.4979,50.03777],[14.4951,50.03635],[14.49757,50.03472],[14.50096,50.03622],[14.50423,50.03667],[14.50433,50.03898],[14.4979,50.03777]]]}},{"type":"Feature","properties":{"cislo":11049,"mco":"Praha 11"},"geometry":{"type":"Polygon","coordinates":[[[14.48884,50.04477],[14.48639,50.0446],[14.48815,50.04279],[14.48682,50.04131],[14.48874,50.03915],[14.49212,50.0345],[14.4951,50.03635],[14.4979,50.03777],[14.49613,50.04019],[14.49985,50.04172],[14.49794,50.044],[14.4937,50.04391],[14.49041,50.04275],[14.48863,50.04301],[14.48884,50.04477]]]}},{"type":"Feature","properties":{"cislo":11050,"mco":"Praha 11"},"geometry":{"type":"Polygon","coordinates":[[[14.51132,50.04064],[14.51358,50.04246],[14.51258,50.04392],[14.51243,50.04565],[14.49794,50.044],[14.49985,50.04172],[14.49613,50.04019],[14.4979,50.03777],[14.50433,50.03898],[14.50605,50.03966],[14.51081,50.04007],[14.51132,50.04064]]]}},{"type":"Feature","properties":{"cislo":11051,"mco":"Praha 11"},"geometry":{"type":"Polygon","coordinates":[[[14.50075,50.02574],[14.49898,50.02498],[14.49597,50.02338],[14.49607,50.02125],[14.50037,50.02024],[14.50886,50.02084],[14.50882,50.02256],[14.50075,50.02574]]]}},{"type":"Feature","properties":{"cislo":11052,"mco":"Praha 11"},"geometry":{"type":"Polygon","coordinates":[[[14.49898,50.02498],[14.49612,50.02608],[14.49312,50.02158],[14.49607,50.02125],[14.49597,50.02338],[14.49898,50.02498]]]}},{"type":"Feature","properties":{"cislo":11053,"mco":"Praha 11"},"geometry":{"type":"Polygon","coordinates":[[[14.49612,50.02608],[14.49225,50.02652],[14.48898,50.0228],[14.48912,50.02268],[14.49312,50.02158],[14.49612,50.02608]]]}},{"type":"Feature","properties":{"cislo":11054,"mco":"Praha 11"},"geometry":{"type":"Polygon","coordinates":[[[14.48802,50.02617],[14.48898,50.0228],[14.49225,50.02652],[14.48802,50.02617]]]}},{"type":"Feature","properties":{"cislo":11055,"mco":"Praha 11"},"geometry":{"type":"Polygon","coordinates":[[[14.48839,50.03272],[14.48769,50.03097],[14.48776,50.02902],[14.48802,50.02617],[14.49225,50.02652],[14.49612,50.02608],[14.49898,50.02498],[14.50075,50.02574],[14.49485,50.02947],[14.49213,50.0345],[14.48839,50.03272]]]}},{"type":"Feature","properties":{"cislo":11056,"mco":"Praha 11"},"geometry":{"type":"Polygon","coordinates":[[[14.48769,50.03097],[14.48548,50.03096],[14.48556,50.02891],[14.48776,50.02902],[14.48769,50.03097]]]}},{"type":"Feature","properties":{"cislo":11057,"mco":"Praha 11"},"geometry":{"type":"Polygon","coordinates":[[[14.48457,50.02885],[14.48556,50.02891],[14.48548,50.03096],[14.48769,50.03097],[14.48839,50.03272],[14.48568,50.03344],[14.48341,50.03041],[14.48457,50.02885]]]}},{"type":"Feature","properties":{"cislo":11058,"mco":"Praha 11"},"geometry":{"type":"Polygon","coordinates":[[[14.48183,50.03371],[14.48236,50.03348],[14.48047,50.03153],[14.48106,50.02912],[14.48457,50.02885],[14.48341,50.03041],[14.48568,50.03344],[14.48249,50.03427],[14.48183,50.03371]]]}},{"type":"Feature","properties":{"cislo":11059,"mco":"Praha 11"},"geometry":{"type":"Polygon","coordinates":[[[14.48047,50.03153],[14.48236,50.03348],[14.48183,50.03371],[14.47856,50.03233],[14.48047,50.03153]]]}},{"type":"Feature","properties":{"cislo":11060,"mco":"Praha 11"},"geometry":{"type":"Polygon","coordinates":[[[14.48135,50.04059],[14.46959,50.03903],[14.4702,50.03361],[14.4773,50.02983],[14.48106,50.02912],[14.48047,50.03153],[14.47856,50.03233],[14.48183,50.03371],[14.48249,50.03427],[14.47905,50.03766],[14.48296,50.04083],[14.48135,50.04059]]]}},{"type":"Feature","properties":{"cislo":11061,"mco":"Praha 11"},"geometry":{"type":"Polygon","coordinates":[[[14.48874,50.03915],[14.48249,50.03426],[14.48839,50.03272],[14.49212,50.0345],[14.48874,50.03915]]]}},{"type":"Feature","properties":{"cislo":11062,"mco":"Praha 11"},"geometry":{"type":"Polygon","coordinates":[[[14.48682,50.04131],[14.48296,50.04083],[14.47905,50.03766],[14.48249,50.03426],[14.48874,50.03915],[14.48682,50.04131]]]}},{"type":"Feature","properties":{"cislo":13051,"mco":"Praha 13"},"geometry":{"type":"Polygon","coordinates":[[[14.32907,50.05357],[14.32847,50.0523],[14.32879,50.0512],[14.33388,50.05205],[14.33346,50.05281],[14.32907,50.05357]]]}},{"type":"Feature","properties":{"cislo":7001,"mco":"Praha 7"},"geometry":{"type":"Polygon","coordinates":[[[14.43771,50.11586],[14.43735,50.11557],[14.43817,50.11273],[14.43446,50.11209],[14.43759,50.1099],[14.43643,50.10716],[14.43702,50.10672],[14.44143,50.10685],[14.44209,50.10815],[14.44426,50.1096],[14.44727,50.10873],[14.44886,50.11325],[14.44539,50.11349],[14.44545,50.11494],[14.44184,50.11589],[14.43771,50.11586]]]}},{"type":"Feature","properties":{"cislo":7002,"mco":"Praha 7"},"geometry":{"type":"Polygon","coordinates":[[[14.44209,50.10815],[14.4499,50.10765],[14.45111,50.10729],[14.45723,50.11101],[14.44956,50.1132],[14.44886,50.11325],[14.44727,50.10873],[14.44426,50.1096],[14.44209,50.10815]]]}},{"type":"Feature","properties":{"cislo":7003,"mco":"Praha 7"},"geometry":{"type":"Polygon","coordinates":[[[14.44209,50.10815],[14.44143,50.10685],[14.44317,50.10506],[14.4469,50.10511],[14.44682,50.10676],[14.4499,50.10765],[14.44209,50.10815]]]}},{"type":"Feature","properties":{"cislo":7004,"mco":"Praha 7"},"geometry":{"type":"Polygon","coordinates":[[[14.4469,50.10511],[14.45248,50.10519],[14.45244,50.10679],[14.45111,50.10729],[14.4499,50.10765],[14.44682,50.10676],[14.4469,50.10511]]]}},{"type":"Feature","properties":{"cislo":7005,"mco":"Praha 7"},"geometry":{"type":"Polygon","coordinates":[[[14.45244,50.10679],[14.45248,50.10519],[14.45593,50.10437],[14.45595,50.1053],[14.45244,50.10679]]]}},{"type":"Feature","properties":{"cislo":7006,"mco":"Praha 7"},"geometry":{"type":"Polygon","coordinates":[[[14.46004,50.10343],[14.4606,50.10621],[14.45595,50.1053],[14.45593,50.10437],[14.45248,50.10519],[14.4542,50.10338],[14.46004,50.10343]]]}},{"type":"Feature","properties":{"cislo":7007,"mco":"Praha 7"},"geometry":{"type":"Polygon","coordinates":[[[14.45004,50.10333],[14.45425,50.10199],[14.45433,50.09919],[14.45493,50.09941],[14.45866,50.10161],[14.46004,50.10342],[14.4542,50.10338],[14.45248,50.10519],[14.44998,50.10516],[14.45004,50.10333]]]}},{"type":"Feature","properties":{"cislo":7008,"mco":"Praha 7"},"geometry":{"type":"Polygon","coordinates":[[[14.45433,50.09919],[14.45425,50.10199],[14.45004,50.10333],[14.45014,50.1007],[14.44707,50.1008],[14.44492,50.10184],[14.44311,50.10193],[14.44044,50.09897],[14.44147,50.09477],[14.4475,50.09643],[14.45433,50.09919]]]}},{"type":"Feature","properties":{"cislo":7009,"mco":"Praha 7"},"geometry":{"type":"Polygon","coordinates":[[[14.44698,50.10328],[14.44707,50.1008],[14.45014,50.1007],[14.45004,50.10333],[14.44698,50.10328]]]}},{"type":"Feature","properties":{"cislo":7010,"mco":"Praha 7"},"geometry":{"type":"Polygon","coordinates":[[[14.44492,50.10184],[14.44707,50.1008],[14.44702,50.10189],[14.44492,50.10184]]]}},{"type":"Feature","properties":{"cislo":7011,"mco":"Praha 7"},"geometry":{"type":"Polygon","coordinates":[[[14.44314,50.10323],[14.44311,50.10193],[14.44492,50.10184],[14.44702,50.10189],[14.44698,50.10328],[14.44314,50.10323]]]}},{"type":"Feature","properties":{"cislo":7012,"mco":"Praha 7"},"geometry":{"type":"Polygon","coordinates":[[[14.44317,50.10506],[14.44314,50.10323],[14.45004,50.10333],[14.44998,50.10516],[14.44317,50.10506]]]}},{"type":"Feature","properties":{"cislo":7013,"mco":"Praha 7"},"geometry":{"type":"Polygon","coordinates":[[[14.43643,50.10716],[14.43164,50.10416],[14.43407,50.10467],[14.43474,50.10338],[14.43677,50.10366],[14.43702,50.10672],[14.43643,50.10716]]]}},{"type":"Feature","properties":{"cislo":7014,"mco":"Praha 7"},"geometry":{"type":"Polygon","coordinates":[[[14.43474,50.10338],[14.43407,50.10467],[14.43164,50.10416],[14.43306,50.10211],[14.43404,50.10229],[14.43474,50.10338]]]}},{"type":"Feature","properties":{"cislo":7015,"mco":"Praha 7"},"geometry":{"type":"Polygon","coordinates":[[[14.43404,50.10229],[14.43677,50.10366],[14.43474,50.10338],[14.43404,50.10229]]]}},{"type":"Feature","properties":{"cislo":7016,"mco":"Praha 7"},"geometry":{"type":"Polygon","coordinates":[[[14.43702,50.10672],[14.43677,50.10366],[14.43404,50.10229],[14.43542,50.10151],[14.43722,50.10167],[14.43968,50.10203],[14.43702,50.10672]]]}},{"type":"Feature","properties":{"cislo":7017,"mco":"Praha 7"},"geometry":{"type":"Polygon","coordinates":[[[14.43404,50.10229],[14.43306,50.10211],[14.43343,50.10059],[14.43561,50.10062],[14.43542,50.10151],[14.43404,50.10229]]]}},{"type":"Feature","properties":{"cislo":7018,"mco":"Praha 7"},"geometry":{"type":"Polygon","coordinates":[[[14.43722,50.10167],[14.43542,50.10151],[14.43561,50.10062],[14.43594,50.09992],[14.43722,50.10167]]]}},{"type":"Feature","properties":{"cislo":7019,"mco":"Praha 7"},"geometry":{"type":"Polygon","coordinates":[[[14.43197,50.09921],[14.43594,50.09992],[14.43561,50.10062],[14.43343,50.10059],[14.43197,50.09921]]]}},{"type":"Feature","properties":{"cislo":7020,"mco":"Praha 7"},"geometry":{"type":"Polygon","coordinates":[[[14.43306,50.10211],[14.43235,50.10315],[14.43029,50.10167],[14.43057,50.09943],[14.43197,50.09921],[14.43343,50.10059],[14.43306,50.10211]]]}},{"type":"Feature","properties":{"cislo":7021,"mco":"Praha 7"},"geometry":{"type":"Polygon","coordinates":[[[14.43029,50.10167],[14.42805,50.10128],[14.42847,50.09976],[14.43057,50.09943],[14.43029,50.10167]]]}},{"type":"Feature","properties":{"cislo":7022,"mco":"Praha 7"},"geometry":{"type":"Polygon","coordinates":[[[14.42805,50.10128],[14.42401,50.10062],[14.42446,50.1001],[14.4275,50.0999],[14.42847,50.09976],[14.42805,50.10128]]]}},{"type":"Feature","properties":{"cislo":7023,"mco":"Praha 7"},"geometry":{"type":"Polygon","coordinates":[[[14.42549,50.10188],[14.42588,50.10091],[14.43029,50.10167],[14.43235,50.10315],[14.43164,50.10416],[14.42549,50.10188]]]}},{"type":"Feature","properties":{"cislo":7024,"mco":"Praha 7"},"geometry":{"type":"Polygon","coordinates":[[[14.43446,50.11209],[14.42623,50.11223],[14.41673,50.11459],[14.40542,50.11394],[14.40555,50.11147],[14.40844,50.11087],[14.40584,50.10846],[14.40664,50.10705],[14.40597,50.10646],[14.40754,50.10472],[14.41823,50.10322],[14.42286,50.10283],[14.42549,50.10188],[14.43164,50.10416],[14.43643,50.10716],[14.43759,50.1099],[14.43446,50.11209]]]}},{"type":"Feature","properties":{"cislo":7025,"mco":"Praha 7"},"geometry":{"type":"Polygon","coordinates":[[[14.42355,50.10045],[14.42401,50.10062],[14.42588,50.10091],[14.42549,50.10188],[14.42286,50.10283],[14.42355,50.10045]]]}},{"type":"Feature","properties":{"cislo":7026,"mco":"Praha 7"},"geometry":{"type":"Polygon","coordinates":[[[14.42016,50.10152],[14.41942,50.1008],[14.4209,50.10017],[14.42355,50.10045],[14.42286,50.10283],[14.4216,50.10291],[14.42233,50.1013],[14.42016,50.10152]]]}},{"type":"Feature","properties":{"cislo":7027,"mco":"Praha 7"},"geometry":{"type":"Polygon","coordinates":[[[14.4216,50.10291],[14.41823,50.10322],[14.41745,50.10269],[14.42016,50.10152],[14.42233,50.1013],[14.4216,50.10291]]]}},{"type":"Feature","properties":{"cislo":7028,"mco":"Praha 7"},"geometry":{"type":"Polygon","coordinates":[[[14.41745,50.10269],[14.4152,50.10116],[14.41942,50.1008],[14.42016,50.10152],[14.41745,50.10269]]]}},{"type":"Feature","properties":{"cislo":7029,"mco":"Praha 7"},"geometry":{"type":"Polygon","coordinates":[[[14.4152,50.10116],[14.41159,50.09832],[14.40766,50.09773],[14.40914,50.09523],[14.41118,50.0955],[14.4115,50.09229],[14.41656,50.09397],[14.41712,50.09312],[14.42253,50.09408],[14.42186,50.09714],[14.4209,50.10017],[14.41942,50.1008],[14.4152,50.10116]]]}},{"type":"Feature","properties":{"cislo":7030,"mco":"Praha 7"},"geometry":{"type":"Polygon","coordinates":[[[14.42401,50.10062],[14.42355,50.10045],[14.4209,50.10017],[14.42186,50.09714],[14.42531,50.09813],[14.42446,50.1001],[14.42401,50.10062]]]}},{"type":"Feature","properties":{"cislo":7031,"mco":"Praha 7"},"geometry":{"type":"Polygon","coordinates":[[[14.42531,50.09813],[14.42812,50.09856],[14.4275,50.0999],[14.42446,50.1001],[14.42531,50.09813]]]}},{"type":"Feature","properties":{"cislo":7032,"mco":"Praha 7"},"geometry":{"type":"Polygon","coordinates":[[[14.43073,50.09836],[14.42812,50.09856],[14.42531,50.09813],[14.42186,50.09714],[14.42253,50.09408],[14.42684,50.09437],[14.43114,50.09425],[14.43073,50.09836]]]}},{"type":"Feature","properties":{"cislo":7033,"mco":"Praha 7"},"geometry":{"type":"Polygon","coordinates":[[[14.42812,50.09856],[14.43073,50.09836],[14.432,50.09841],[14.43199,50.09921],[14.4275,50.0999],[14.42812,50.09856]]]}},{"type":"Feature","properties":{"cislo":7034,"mco":"Praha 7"},"geometry":{"type":"Polygon","coordinates":[[[14.43702,50.10672],[14.43968,50.10203],[14.43722,50.10167],[14.43594,50.09992],[14.43334,50.09783],[14.432,50.09841],[14.43073,50.09836],[14.43114,50.09425],[14.43669,50.09437],[14.44146,50.09477],[14.44044,50.09897],[14.44311,50.10193],[14.44317,50.10506],[14.44143,50.10685],[14.43702,50.10672]]]}},{"type":"Feature","properties":{"cislo":7035,"mco":"Praha 7"},"geometry":{"type":"Polygon","coordinates":[[[14.43594,50.09992],[14.43199,50.09921],[14.432,50.09841],[14.43334,50.09783],[14.43594,50.09992]]]}},{"type":"Feature","properties":{"cislo":52001,"mco":"Praha-Troja"},"geometry":{"type":"Polygon","coordinates":[[[14.40547,50.13027],[14.40095,50.12946],[14.40086,50.12722],[14.39503,50.12188],[14.40542,50.11394],[14.41673,50.11459],[14.42623,50.11223],[14.43446,50.11209],[14.43817,50.11273],[14.43735,50.11557],[14.43345,50.11648],[14.43416,50.12342],[14.42387,50.12046],[14.42373,50.12385],[14.41645,50.12461],[14.41149,50.12494],[14.40824,50.12682],[14.40824,50.12703],[14.40547,50.13027]]]}},{"type":"Feature","properties":{"cislo":29002,"mco":"Praha-Dolní Měcholupy"},"geometry":{"type":"Polygon","coordinates":[[[14.56815,50.07113],[14.55947,50.07137],[14.55711,50.06863],[14.53997,50.0652],[14.54253,50.05911],[14.5454,50.05925],[14.54925,50.05706],[14.56439,50.06101],[14.57166,50.06109],[14.56815,50.07113]]]}},{"type":"Feature","properties":{"cislo":5001,"mco":"Praha 5"},"geometry":{"type":"Polygon","coordinates":[[[14.40704,50.08131],[14.40322,50.08083],[14.40376,50.07949],[14.40485,50.07954],[14.40467,50.08063],[14.40709,50.07964],[14.40815,50.07969],[14.40808,50.08133],[14.40704,50.08131]]]}},{"type":"Feature","properties":{"cislo":5002,"mco":"Praha 5"},"geometry":{"type":"Polygon","coordinates":[[[14.40709,50.07964],[14.40467,50.08063],[14.40485,50.07954],[14.40709,50.07964]]]}},{"type":"Feature","properties":{"cislo":5003,"mco":"Praha 5"},"geometry":{"type":"Polygon","coordinates":[[[14.40535,50.07759],[14.40824,50.07799],[14.40815,50.07969],[14.40485,50.07954],[14.40535,50.07759]]]}},{"type":"Feature","properties":{"cislo":5004,"mco":"Praha 5"},"geometry":{"type":"Polygon","coordinates":[[[14.40376,50.07949],[14.40424,50.07675],[14.40556,50.07688],[14.40485,50.07954],[14.40376,50.07949]]]}},{"type":"Feature","properties":{"cislo":5005,"mco":"Praha 5"},"geometry":{"type":"Polygon","coordinates":[[[14.40808,50.08133],[14.40824,50.07799],[14.40535,50.07759],[14.40556,50.07688],[14.40753,50.07621],[14.41158,50.07567],[14.41096,50.07875],[14.40917,50.08135],[14.40808,50.08133]]]}},{"type":"Feature","properties":{"cislo":5006,"mco":"Praha 5"},"geometry":{"type":"Polygon","coordinates":[[[14.40753,50.07621],[14.40556,50.07688],[14.40424,50.07675],[14.40398,50.0755],[14.40384,50.07454],[14.40617,50.07535],[14.40753,50.07621]]]}},{"type":"Feature","properties":{"cislo":5007,"mco":"Praha 5"},"geometry":{"type":"Polygon","coordinates":[[[14.40753,50.07621],[14.40617,50.07535],[14.40679,50.07317],[14.41205,50.07363],[14.41158,50.07567],[14.40753,50.07621]]]}},{"type":"Feature","properties":{"cislo":5008,"mco":"Praha 5"},"geometry":{"type":"Polygon","coordinates":[[[14.41205,50.07363],[14.40679,50.07317],[14.40696,50.07244],[14.41227,50.07293],[14.41205,50.07363]]]}},{"type":"Feature","properties":{"cislo":5009,"mco":"Praha 5"},"geometry":{"type":"Polygon","coordinates":[[[14.40384,50.07454],[14.40406,50.07217],[14.40696,50.07244],[14.40617,50.07535],[14.40384,50.07454]]]}},{"type":"Feature","properties":{"cislo":5010,"mco":"Praha 5"},"geometry":{"type":"Polygon","coordinates":[[[14.40843,50.07258],[14.40406,50.07217],[14.40514,50.0704],[14.40726,50.07065],[14.40843,50.07258]]]}},{"type":"Feature","properties":{"cislo":5011,"mco":"Praha 5"},"geometry":{"type":"Polygon","coordinates":[[[14.40088,50.0732],[14.39961,50.07181],[14.39974,50.07172],[14.40063,50.06921],[14.40586,50.06937],[14.40514,50.0704],[14.40406,50.07217],[14.40384,50.07454],[14.40398,50.0755],[14.40205,50.07568],[14.40088,50.0732]]]}},{"type":"Feature","properties":{"cislo":5012,"mco":"Praha 5"},"geometry":{"type":"Polygon","coordinates":[[[14.39765,50.08],[14.39501,50.07904],[14.39869,50.07618],[14.40088,50.0732],[14.40205,50.07568],[14.40398,50.0755],[14.40424,50.07675],[14.40376,50.07949],[14.40322,50.08083],[14.39765,50.08]]]}},{"type":"Feature","properties":{"cislo":5013,"mco":"Praha 5"},"geometry":{"type":"Polygon","coordinates":[[[14.40843,50.07258],[14.40726,50.07066],[14.4124,50.07237],[14.41227,50.07293],[14.40843,50.07258]]]}},{"type":"Feature","properties":{"cislo":5014,"mco":"Praha 5"},"geometry":{"type":"Polygon","coordinates":[[[14.4124,50.07237],[14.40726,50.07065],[14.41272,50.07031],[14.4124,50.07237]]]}},{"type":"Feature","properties":{"cislo":5015,"mco":"Praha 5"},"geometry":{"type":"Polygon","coordinates":[[[14.40726,50.07065],[14.40514,50.0704],[14.40586,50.06937],[14.40791,50.06599],[14.41355,50.06702],[14.41298,50.06914],[14.41272,50.07031],[14.40726,50.07065]]]}},{"type":"Feature","properties":{"cislo":5016,"mco":"Praha 5"},"geometry":{"type":"Polygon","coordinates":[[[14.39946,50.06843],[14.40218,50.06799],[14.4045,50.0636],[14.4068,50.06312],[14.40791,50.06599],[14.40586,50.06937],[14.40063,50.06921],[14.39974,50.07172],[14.39946,50.06843]]]}},{"type":"Feature","properties":{"cislo":5017,"mco":"Praha 5"},"geometry":{"type":"Polygon","coordinates":[[[14.41355,50.06702],[14.40791,50.06599],[14.4068,50.06312],[14.40873,50.05421],[14.40922,50.0517],[14.4128,50.05075],[14.41638,50.05831],[14.41588,50.06188],[14.41355,50.06702]]]}},{"type":"Feature","properties":{"cislo":5018,"mco":"Praha 5"},"geometry":{"type":"Polygon","coordinates":[[[14.40452,50.04853],[14.40552,50.04855],[14.40919,50.0489],[14.40922,50.0517],[14.40873,50.05421],[14.40702,50.05071],[14.40541,50.05607],[14.39933,50.05719],[14.40103,50.05202],[14.40503,50.05112],[14.40452,50.04853]]]}},{"type":"Feature","properties":{"cislo":5019,"mco":"Praha 5"},"geometry":{"type":"Polygon","coordinates":[[[14.40261,50.06042],[14.40152,50.06011],[14.39777,50.05846],[14.39933,50.05719],[14.40541,50.05607],[14.4054,50.06013],[14.40261,50.06042]]]}},{"type":"Feature","properties":{"cislo":5020,"mco":"Praha 5"},"geometry":{"type":"Polygon","coordinates":[[[14.39039,50.06114],[14.3851,50.0612],[14.38525,50.05939],[14.38056,50.05875],[14.38327,50.0582],[14.37975,50.05611],[14.37365,50.05583],[14.38202,50.05323],[14.38035,50.05114],[14.38321,50.0452],[14.40452,50.04853],[14.40503,50.05112],[14.40103,50.05202],[14.39933,50.05719],[14.39777,50.05846],[14.40152,50.06011],[14.39908,50.06008],[14.39409,50.05872],[14.3943,50.06],[14.39039,50.06114]]]}},{"type":"Feature","properties":{"cislo":5021,"mco":"Praha 5"},"geometry":{"type":"Polygon","coordinates":[[[14.39807,50.06162],[14.39908,50.06008],[14.40152,50.06011],[14.40476,50.06101],[14.40382,50.06302],[14.39807,50.06162]]]}},{"type":"Feature","properties":{"cislo":5022,"mco":"Praha 5"},"geometry":{"type":"Polygon","coordinates":[[[14.39043,50.06174],[14.39039,50.06114],[14.3943,50.06],[14.39409,50.05872],[14.39908,50.06008],[14.39807,50.06162],[14.39698,50.06257],[14.39043,50.06174]]]}},{"type":"Feature","properties":{"cislo":5023,"mco":"Praha 5"},"geometry":{"type":"Polygon","coordinates":[[[14.40382,50.06302],[14.40476,50.06101],[14.40261,50.06042],[14.4054,50.06013],[14.40541,50.05607],[14.40702,50.05071],[14.40873,50.05421],[14.4068,50.06312],[14.4045,50.0636],[14.40382,50.06302]]]}},{"type":"Feature","properties":{"cislo":5024,"mco":"Praha 5"},"geometry":{"type":"Polygon","coordinates":[[[14.40385,50.06481],[14.39917,50.06548],[14.38956,50.06362],[14.39043,50.06174],[14.39698,50.06257],[14.39807,50.06162],[14.40382,50.06302],[14.4045,50.0636],[14.40385,50.06481]]]}},{"type":"Feature","properties":{"cislo":5025,"mco":"Praha 5"},"geometry":{"type":"Polygon","coordinates":[[[14.38395,50.06255],[14.38366,50.06233],[14.3851,50.0612],[14.39039,50.06114],[14.39043,50.06174],[14.38956,50.06362],[14.39522,50.06474],[14.39392,50.06541],[14.39018,50.06483],[14.38676,50.06551],[14.38395,50.06255]]]}},{"type":"Feature","properties":{"cislo":5026,"mco":"Praha 5"},"geometry":{"type":"Polygon","coordinates":[[[14.40385,50.06481],[14.40218,50.06799],[14.39946,50.06843],[14.39824,50.06707],[14.39917,50.06548],[14.40385,50.06481]]]}},{"type":"Feature","properties":{"cislo":5027,"mco":"Praha 5"},"geometry":{"type":"Polygon","coordinates":[[[14.39659,50.06726],[14.39392,50.06541],[14.39522,50.06474],[14.39917,50.06548],[14.39824,50.06707],[14.39659,50.06726]]]}},{"type":"Feature","properties":{"cislo":5028,"mco":"Praha 5"},"geometry":{"type":"Polygon","coordinates":[[[14.39261,50.0685],[14.38767,50.0679],[14.38567,50.06641],[14.38676,50.06551],[14.39018,50.06483],[14.39392,50.06541],[14.39659,50.06726],[14.39362,50.06778],[14.38987,50.06533],[14.39041,50.06807],[14.39261,50.0685]]]}},{"type":"Feature","properties":{"cislo":5029,"mco":"Praha 5"},"geometry":{"type":"Polygon","coordinates":[[[14.39769,50.07219],[14.39608,50.07117],[14.39749,50.0696],[14.39362,50.06778],[14.39659,50.06726],[14.39824,50.06707],[14.39946,50.06843],[14.39974,50.07172],[14.39961,50.07181],[14.39769,50.07219]]]}},{"type":"Feature","properties":{"cislo":5030,"mco":"Praha 5"},"geometry":{"type":"Polygon","coordinates":[[[14.39261,50.0685],[14.39367,50.06978],[14.39033,50.06998],[14.38503,50.06933],[14.38471,50.06777],[14.38567,50.06641],[14.38767,50.0679],[14.39261,50.0685]]]}},{"type":"Feature","properties":{"cislo":5031,"mco":"Praha 5"},"geometry":{"type":"Polygon","coordinates":[[[14.39357,50.07237],[14.38962,50.07197],[14.38977,50.07129],[14.39033,50.06998],[14.39367,50.06978],[14.39261,50.0685],[14.39041,50.06807],[14.38987,50.06533],[14.39362,50.06778],[14.39749,50.0696],[14.39608,50.07117],[14.39769,50.07219],[14.39357,50.07237]]]}},{"type":"Feature","properties":{"cislo":5032,"mco":"Praha 5"},"geometry":{"type":"Polygon","coordinates":[[[14.38939,50.07269],[14.38962,50.07197],[14.39357,50.07237],[14.39313,50.07294],[14.38935,50.07415],[14.38939,50.07269]]]}},{"type":"Feature","properties":{"cislo":5033,"mco":"Praha 5"},"geometry":{"type":"Polygon","coordinates":[[[14.39869,50.07618],[14.39501,50.07904],[14.39257,50.07816],[14.39326,50.07707],[14.38777,50.075],[14.38851,50.07344],[14.38935,50.07415],[14.39313,50.07294],[14.39869,50.07618]]]}},{"type":"Feature","properties":{"cislo":5034,"mco":"Praha 5"},"geometry":{"type":"Polygon","coordinates":[[[14.39869,50.07618],[14.39313,50.07294],[14.39357,50.07237],[14.39769,50.07219],[14.39961,50.07181],[14.40088,50.0732],[14.39869,50.07618]]]}},{"type":"Feature","properties":{"cislo":5035,"mco":"Praha 5"},"geometry":{"type":"Polygon","coordinates":[[[14.37722,50.07815],[14.37401,50.07526],[14.37538,50.07431],[14.38348,50.07542],[14.38484,50.0788],[14.37976,50.07945],[14.37722,50.07815]]]}},{"type":"Feature","properties":{"cislo":5036,"mco":"Praha 5"},"geometry":{"type":"Polygon","coordinates":[[[14.3682,50.07388],[14.3732,50.0718],[14.38072,50.0737],[14.3816,50.07175],[14.38458,50.07265],[14.38348,50.07542],[14.37538,50.07431],[14.37401,50.07526],[14.3682,50.07388]]]}},{"type":"Feature","properties":{"cislo":5037,"mco":"Praha 5"},"geometry":{"type":"Polygon","coordinates":[[[14.36203,50.07861],[14.3569,50.07822],[14.35659,50.07712],[14.35999,50.07569],[14.36076,50.07304],[14.3682,50.07388],[14.37401,50.07526],[14.37722,50.07815],[14.37116,50.07812],[14.37356,50.07937],[14.36203,50.07861]]]}},{"type":"Feature","properties":{"cislo":5038,"mco":"Praha 5"},"geometry":{"type":"Polygon","coordinates":[[[14.38348,50.07542],[14.38458,50.07265],[14.38851,50.07344],[14.38777,50.075],[14.39326,50.07707],[14.39257,50.07816],[14.38484,50.0788],[14.38348,50.07542]]]}},{"type":"Feature","properties":{"cislo":5039,"mco":"Praha 5"},"geometry":{"type":"Polygon","coordinates":[[[14.38851,50.07344],[14.38458,50.07265],[14.3816,50.07175],[14.38182,50.07098],[14.38311,50.07114],[14.38939,50.07269],[14.38935,50.07415],[14.38851,50.07344]]]}},{"type":"Feature","properties":{"cislo":5040,"mco":"Praha 5"},"geometry":{"type":"Polygon","coordinates":[[[14.3816,50.07175],[14.38072,50.0737],[14.3732,50.0718],[14.37094,50.07074],[14.37258,50.07006],[14.37638,50.07059],[14.38026,50.07077],[14.38182,50.07098],[14.3816,50.07175]]]}},{"type":"Feature","properties":{"cislo":5041,"mco":"Praha 5"},"geometry":{"type":"Polygon","coordinates":[[[14.37638,50.07059],[14.37413,50.06844],[14.37784,50.06528],[14.37498,50.06344],[14.37117,50.06339],[14.37203,50.06216],[14.38025,50.06416],[14.38255,50.06547],[14.38164,50.06683],[14.38026,50.07077],[14.37638,50.07059]]]}},{"type":"Feature","properties":{"cislo":5042,"mco":"Praha 5"},"geometry":{"type":"Polygon","coordinates":[[[14.38494,50.07138],[14.38026,50.07077],[14.38164,50.06683],[14.38471,50.06777],[14.38503,50.06933],[14.38494,50.07138]]]}},{"type":"Feature","properties":{"cislo":5043,"mco":"Praha 5"},"geometry":{"type":"Polygon","coordinates":[[[14.3682,50.07388],[14.36076,50.07304],[14.3596,50.07276],[14.36145,50.06963],[14.36962,50.07001],[14.37258,50.07006],[14.37094,50.07074],[14.3732,50.0718],[14.3682,50.07388]]]}},{"type":"Feature","properties":{"cislo":5044,"mco":"Praha 5"},"geometry":{"type":"Polygon","coordinates":[[[14.35659,50.07712],[14.34664,50.07563],[14.34951,50.07497],[14.34786,50.07296],[14.35013,50.07148],[14.35278,50.07146],[14.3526,50.07361],[14.3596,50.07276],[14.36076,50.07304],[14.35999,50.07569],[14.35659,50.07712]]]}},{"type":"Feature","properties":{"cislo":5045,"mco":"Praha 5"},"geometry":{"type":"Polygon","coordinates":[[[14.35013,50.07148],[14.3497,50.07018],[14.3501,50.06824],[14.35347,50.06852],[14.36145,50.06963],[14.3596,50.07276],[14.3526,50.07361],[14.35278,50.07146],[14.35013,50.07148]]]}},{"type":"Feature","properties":{"cislo":5046,"mco":"Praha 5"},"geometry":{"type":"Polygon","coordinates":[[[14.34786,50.07296],[14.34664,50.07123],[14.3497,50.07018],[14.35013,50.07148],[14.34786,50.07296]]]}},{"type":"Feature","properties":{"cislo":5047,"mco":"Praha 5"},"geometry":{"type":"Polygon","coordinates":[[[14.3455,50.07605],[14.32546,50.07455],[14.3218,50.07357],[14.32251,50.06857],[14.32232,50.06522],[14.3251,50.0628],[14.32846,50.06248],[14.33511,50.0604],[14.33542,50.06037],[14.34432,50.06214],[14.3528,50.06747],[14.35347,50.06852],[14.3501,50.06824],[14.3497,50.07018],[14.34664,50.07123],[14.34786,50.07296],[14.34951,50.07497],[14.34664,50.07563],[14.3455,50.07605]]]}},{"type":"Feature","properties":{"cislo":5048,"mco":"Praha 5"},"geometry":{"type":"Polygon","coordinates":[[[14.35347,50.06852],[14.3528,50.06747],[14.3672,50.06854],[14.36962,50.07001],[14.36145,50.06963],[14.35347,50.06852]]]}},{"type":"Feature","properties":{"cislo":5049,"mco":"Praha 5"},"geometry":{"type":"Polygon","coordinates":[[[14.36962,50.07001],[14.3672,50.06854],[14.36705,50.06826],[14.37133,50.06723],[14.37286,50.06846],[14.37181,50.07004],[14.36962,50.07001]]]}},{"type":"Feature","properties":{"cislo":5050,"mco":"Praha 5"},"geometry":{"type":"Polygon","coordinates":[[[14.37258,50.07006],[14.37181,50.07004],[14.37286,50.06846],[14.37413,50.06844],[14.37638,50.07059],[14.37258,50.07006]]]}},{"type":"Feature","properties":{"cislo":5051,"mco":"Praha 5"},"geometry":{"type":"Polygon","coordinates":[[[14.3672,50.06854],[14.3528,50.06747],[14.34432,50.06214],[14.35772,50.06298],[14.35505,50.06492],[14.3619,50.06709],[14.36585,50.0663],[14.3672,50.06854]]]}},{"type":"Feature","properties":{"cislo":5052,"mco":"Praha 5"},"geometry":{"type":"Polygon","coordinates":[[[14.35772,50.06298],[14.36587,50.0653],[14.36585,50.0663],[14.3619,50.06709],[14.35505,50.06492],[14.35772,50.06298]]]}},{"type":"Feature","properties":{"cislo":5053,"mco":"Praha 5"},"geometry":{"type":"Polygon","coordinates":[[[14.37117,50.06339],[14.36907,50.0656],[14.36587,50.0653],[14.35772,50.06298],[14.34432,50.06214],[14.33542,50.06037],[14.33947,50.05885],[14.34594,50.06076],[14.35544,50.06065],[14.36889,50.05781],[14.3699,50.05814],[14.36872,50.06034],[14.37203,50.06216],[14.37117,50.06339]]]}},{"type":"Feature","properties":{"cislo":5054,"mco":"Praha 5"},"geometry":{"type":"Polygon","coordinates":[[[14.37133,50.06723],[14.36907,50.0656],[14.37117,50.06339],[14.37498,50.06344],[14.37784,50.06528],[14.37413,50.06844],[14.37286,50.06846],[14.37133,50.06723]]]}},{"type":"Feature","properties":{"cislo":5055,"mco":"Praha 5"},"geometry":{"type":"Polygon","coordinates":[[[14.36705,50.06826],[14.36585,50.0663],[14.36587,50.0653],[14.36907,50.0656],[14.37133,50.06723],[14.36705,50.06826]]]}},{"type":"Feature","properties":{"cislo":5056,"mco":"Praha 5"},"geometry":{"type":"Polygon","coordinates":[[[14.38977,50.07129],[14.38494,50.07138],[14.38503,50.06933],[14.39033,50.06998],[14.38977,50.07129]]]}},{"type":"Feature","properties":{"cislo":5057,"mco":"Praha 5"},"geometry":{"type":"Polygon","coordinates":[[[14.38311,50.07114],[14.38494,50.07138],[14.38977,50.07129],[14.38962,50.07197],[14.38939,50.07269],[14.38311,50.07114]]]}},{"type":"Feature","properties":{"cislo":5058,"mco":"Praha 5"},"geometry":{"type":"Polygon","coordinates":[[[14.38567,50.06641],[14.38471,50.06777],[14.38164,50.06683],[14.38255,50.06547],[14.38025,50.06416],[14.38395,50.06255],[14.38676,50.06551],[14.38567,50.06641]]]}},{"type":"Feature","properties":{"cislo":5059,"mco":"Praha 5"},"geometry":{"type":"Polygon","coordinates":[[[14.37203,50.06216],[14.36872,50.06034],[14.3699,50.05814],[14.37053,50.05683],[14.37111,50.05841],[14.37635,50.05876],[14.38366,50.06233],[14.38395,50.06255],[14.38025,50.06416],[14.37203,50.06216]]]}},{"type":"Feature","properties":{"cislo":5060,"mco":"Praha 5"},"geometry":{"type":"Polygon","coordinates":[[[14.37053,50.05683],[14.37271,50.05589],[14.37365,50.05583],[14.37975,50.05611],[14.38327,50.0582],[14.38056,50.05875],[14.38525,50.05939],[14.3851,50.0612],[14.38366,50.06233],[14.37635,50.05876],[14.37111,50.05841],[14.37053,50.05683]]]}},{"type":"Feature","properties":{"cislo":5061,"mco":"Praha 5"},"geometry":{"type":"Polygon","coordinates":[[[14.36889,50.05781],[14.36559,50.05643],[14.36395,50.05287],[14.36713,50.05187],[14.36849,50.05582],[14.37271,50.05589],[14.37053,50.05683],[14.3699,50.05814],[14.36889,50.05781]]]}},{"type":"Feature","properties":{"cislo":5062,"mco":"Praha 5"},"geometry":{"type":"Polygon","coordinates":[[[14.33947,50.05885],[14.33957,50.05697],[14.3535,50.05262],[14.35522,50.05156],[14.3603,50.05405],[14.36395,50.05287],[14.36559,50.05643],[14.36889,50.05781],[14.35544,50.06065],[14.34594,50.06076],[14.33947,50.05885]]]}},{"type":"Feature","properties":{"cislo":5063,"mco":"Praha 5"},"geometry":{"type":"Polygon","coordinates":[[[14.37271,50.05589],[14.36849,50.05582],[14.36713,50.05187],[14.3603,50.05405],[14.35522,50.05156],[14.35304,50.04914],[14.35243,50.04862],[14.35325,50.04304],[14.35551,50.04253],[14.35183,50.03941],[14.35301,50.03559],[14.35439,50.03561],[14.36071,50.03819],[14.37487,50.03808],[14.37864,50.03835],[14.38434,50.04318],[14.38321,50.0452],[14.38035,50.05114],[14.38202,50.05323],[14.37365,50.05583],[14.37271,50.05589]]]}},{"type":"Feature","properties":{"cislo":5064,"mco":"Praha 5"},"geometry":{"type":"Polygon","coordinates":[[[14.40552,50.04855],[14.4039,50.0465],[14.40712,50.04609],[14.40663,50.04481],[14.40029,50.03941],[14.39626,50.03846],[14.3998,50.03769],[14.39796,50.03672],[14.39943,50.03705],[14.40532,50.04021],[14.40694,50.03933],[14.40826,50.04117],[14.41017,50.04449],[14.4123,50.0497],[14.4128,50.05075],[14.40922,50.0517],[14.40919,50.0489],[14.40552,50.04855]]]}},{"type":"Feature","properties":{"cislo":5065,"mco":"Praha 5"},"geometry":{"type":"Polygon","coordinates":[[[14.40452,50.04853],[14.38321,50.0452],[14.38434,50.04318],[14.37864,50.03835],[14.38204,50.03827],[14.38422,50.03838],[14.392,50.04132],[14.39796,50.03672],[14.3998,50.03769],[14.39626,50.03846],[14.40029,50.03941],[14.40663,50.04481],[14.40712,50.04609],[14.4039,50.0465],[14.40552,50.04855],[14.40452,50.04853]]]}},{"type":"Feature","properties":{"cislo":5066,"mco":"Praha 5"},"geometry":{"type":"Polygon","coordinates":[[[14.40694,50.03933],[14.40532,50.04021],[14.39943,50.03705],[14.39563,50.03582],[14.38474,50.03588],[14.38388,50.03406],[14.38586,50.03291],[14.38157,50.03188],[14.37923,50.02913],[14.38256,50.02669],[14.38989,50.02704],[14.40006,50.03104],[14.40694,50.03933]]]}},{"type":"Feature","properties":{"cislo":5067,"mco":"Praha 5"},"geometry":{"type":"Polygon","coordinates":[[[14.39796,50.03672],[14.392,50.04132],[14.38422,50.03838],[14.38417,50.03649],[14.38474,50.03588],[14.39563,50.03582],[14.39943,50.03705],[14.39796,50.03672]]]}},{"type":"Feature","properties":{"cislo":5068,"mco":"Praha 5"},"geometry":{"type":"Polygon","coordinates":[[[14.38204,50.03827],[14.38075,50.03735],[14.38191,50.03607],[14.38417,50.03649],[14.38422,50.03838],[14.38204,50.03827]]]}},{"type":"Feature","properties":{"cislo":5069,"mco":"Praha 5"},"geometry":{"type":"Polygon","coordinates":[[[14.38417,50.03649],[14.38191,50.03607],[14.38003,50.03469],[14.38388,50.03406],[14.38474,50.03588],[14.38417,50.03649]]]}},{"type":"Feature","properties":{"cislo":5070,"mco":"Praha 5"},"geometry":{"type":"Polygon","coordinates":[[[14.38003,50.03469],[14.37793,50.03287],[14.37385,50.03192],[14.37493,50.03071],[14.3792,50.03254],[14.38157,50.03188],[14.38586,50.03291],[14.38388,50.03406],[14.38003,50.03469]]]}},{"type":"Feature","properties":{"cislo":5071,"mco":"Praha 5"},"geometry":{"type":"Polygon","coordinates":[[[14.38075,50.03735],[14.37836,50.03667],[14.37752,50.03531],[14.38003,50.03469],[14.38191,50.03607],[14.38075,50.03735]]]}},{"type":"Feature","properties":{"cislo":5072,"mco":"Praha 5"},"geometry":{"type":"Polygon","coordinates":[[[14.37442,50.03609],[14.37752,50.03531],[14.37836,50.03667],[14.3757,50.03737],[14.37442,50.03609]]]}},{"type":"Feature","properties":{"cislo":5073,"mco":"Praha 5"},"geometry":{"type":"Polygon","coordinates":[[[14.38204,50.03827],[14.37864,50.03835],[14.37487,50.03808],[14.37318,50.03638],[14.37442,50.03609],[14.3757,50.03737],[14.37836,50.03667],[14.38075,50.03735],[14.38204,50.03827]]]}},{"type":"Feature","properties":{"cislo":5074,"mco":"Praha 5"},"geometry":{"type":"Polygon","coordinates":[[[14.35439,50.03561],[14.35506,50.03186],[14.36328,50.03095],[14.36878,50.03139],[14.37003,50.03186],[14.37254,50.03227],[14.37329,50.03255],[14.3756,50.03465],[14.37158,50.036],[14.37318,50.03638],[14.37487,50.03808],[14.36071,50.03819],[14.35439,50.03561]]]}},{"type":"Feature","properties":{"cislo":5075,"mco":"Praha 5"},"geometry":{"type":"Polygon","coordinates":[[[14.37318,50.03638],[14.37158,50.036],[14.3756,50.03465],[14.37793,50.03287],[14.38003,50.03469],[14.37318,50.03638]]]}},{"type":"Feature","properties":{"cislo":5076,"mco":"Praha 5"},"geometry":{"type":"Polygon","coordinates":[[[14.37003,50.03186],[14.36878,50.03139],[14.36819,50.02976],[14.36928,50.02861],[14.37155,50.02933],[14.37281,50.02653],[14.37446,50.02706],[14.37352,50.03117],[14.37065,50.03034],[14.37003,50.03186]]]}},{"type":"Feature","properties":{"cislo":5077,"mco":"Praha 5"},"geometry":{"type":"Polygon","coordinates":[[[14.3756,50.03465],[14.37329,50.03255],[14.37385,50.03192],[14.37793,50.03287],[14.3756,50.03465]]]}},{"type":"Feature","properties":{"cislo":5078,"mco":"Praha 5"},"geometry":{"type":"Polygon","coordinates":[[[14.37329,50.03255],[14.37254,50.03227],[14.37352,50.03117],[14.37446,50.02706],[14.37923,50.02913],[14.38157,50.03188],[14.3792,50.03254],[14.37493,50.03071],[14.37329,50.03255]]]}},{"type":"Feature","properties":{"cislo":5079,"mco":"Praha 5"},"geometry":{"type":"Polygon","coordinates":[[[14.37254,50.03227],[14.37003,50.03186],[14.37065,50.03034],[14.37352,50.03117],[14.37254,50.03227]]]}},{"type":"Feature","properties":{"cislo":5080,"mco":"Praha 5"},"geometry":{"type":"Polygon","coordinates":[[[14.36328,50.03095],[14.36367,50.02919],[14.36688,50.03059],[14.36819,50.02976],[14.36878,50.03139],[14.36328,50.03095]]]}},{"type":"Feature","properties":{"cislo":5081,"mco":"Praha 5"},"geometry":{"type":"Polygon","coordinates":[[[14.35506,50.03186],[14.35745,50.03008],[14.35546,50.0284],[14.35608,50.02499],[14.36317,50.02626],[14.36576,50.02243],[14.37281,50.02653],[14.37155,50.02933],[14.36928,50.02861],[14.36819,50.02976],[14.36688,50.03059],[14.36367,50.02919],[14.36328,50.03095],[14.35506,50.03186]]]}},{"type":"Feature","properties":{"cislo":40001,"mco":"Praha-Lochkov"},"geometry":{"type":"Polygon","coordinates":[[[14.36695,50.00725],[14.3566,50.00641],[14.35687,50.00911],[14.34282,50.00786],[14.33909,50.00553],[14.33812,50.00229],[14.34159,50.00039],[14.34127,49.99824],[14.34997,49.99828],[14.34738,49.9945],[14.34884,49.99308],[14.35329,49.99257],[14.35639,49.99396],[14.36052,49.99486],[14.36096,49.99508],[14.3691,50.00018],[14.37175,50.00289],[14.36857,50.00463],[14.36917,50.00647],[14.36905,50.00756],[14.36695,50.00725]]]}},{"type":"Feature","properties":{"cislo":26001,"mco":"Praha-Čakovice"},"geometry":{"type":"Polygon","coordinates":[[[14.51644,50.15826],[14.50465,50.15328],[14.49718,50.14879],[14.50437,50.14447],[14.50891,50.14756],[14.50968,50.14971],[14.51373,50.14844],[14.51741,50.14955],[14.52176,50.14718],[14.52361,50.14799],[14.52397,50.1512],[14.51974,50.15185],[14.51967,50.15552],[14.5161,50.15526],[14.51617,50.1562],[14.51651,50.15724],[14.51644,50.15826]]]}},{"type":"Feature","properties":{"cislo":26002,"mco":"Praha-Čakovice"},"geometry":{"type":"Polygon","coordinates":[[[14.51617,50.1562],[14.5161,50.15526],[14.51967,50.15552],[14.51974,50.15185],[14.52397,50.1512],[14.52361,50.14799],[14.5263,50.14787],[14.52656,50.14991],[14.52522,50.15129],[14.52665,50.15115],[14.52789,50.15278],[14.52611,50.15162],[14.52642,50.15285],[14.52273,50.15298],[14.52373,50.15537],[14.51617,50.1562]]]}},{"type":"Feature","properties":{"cislo":26003,"mco":"Praha-Čakovice"},"geometry":{"type":"Polygon","coordinates":[[[14.53723,50.15092],[14.52656,50.14991],[14.5263,50.14787],[14.52361,50.14799],[14.52176,50.14718],[14.52824,50.14324],[14.5302,50.14034],[14.53512,50.14022],[14.54055,50.14041],[14.54061,50.14295],[14.54407,50.14242],[14.54375,50.14705],[14.54598,50.14725],[14.54438,50.14905],[14.54244,50.15113],[14.53723,50.15092]]]}},{"type":"Feature","properties":{"cislo":26004,"mco":"Praha-Čakovice"},"geometry":{"type":"Polygon","coordinates":[[[14.52693,50.1775],[14.51966,50.17495],[14.50915,50.17423],[14.50698,50.17151],[14.50536,50.16387],[14.50245,50.16409],[14.50281,50.15928],[14.50562,50.15875],[14.5065,50.15581],[14.50361,50.15551],[14.50465,50.15328],[14.51644,50.15826],[14.53054,50.15992],[14.53431,50.16164],[14.53059,50.16626],[14.53269,50.16755],[14.53256,50.17726],[14.52693,50.1775]]]}},{"type":"Feature","properties":{"cislo":26005,"mco":"Praha-Čakovice"},"geometry":{"type":"Polygon","coordinates":[[[14.53431,50.16164],[14.53054,50.15992],[14.53723,50.15092],[14.54244,50.15113],[14.54438,50.14905],[14.56056,50.15544],[14.56282,50.1561],[14.5607,50.16167],[14.55052,50.1649],[14.55062,50.16619],[14.54246,50.16265],[14.54041,50.16516],[14.53431,50.16164]]]}},{"type":"Feature","properties":{"cislo":26006,"mco":"Praha-Čakovice"},"geometry":{"type":"Polygon","coordinates":[[[14.51644,50.15826],[14.51651,50.15724],[14.52262,50.15603],[14.52352,50.15698],[14.52377,50.15573],[14.52715,50.1572],[14.52762,50.15604],[14.53115,50.15686],[14.53501,50.15088],[14.53723,50.15092],[14.53054,50.15992],[14.51644,50.15826]]]}},{"type":"Feature","properties":{"cislo":31001,"mco":"Praha-Dubeč"},"geometry":{"type":"MultiPolygon","coordinates":[[[[14.58544,50.0826],[14.58561,50.08116],[14.57685,50.08059],[14.57732,50.07605],[14.56703,50.07437],[14.57166,50.06109],[14.57695,50.06185],[14.57977,50.06179],[14.58049,50.05723],[14.58683,50.05866],[14.58963,50.05472],[14.59603,50.05214],[14.59732,50.05393],[14.60297,50.05346],[14.60218,50.05528],[14.61578,50.05573],[14.6158,50.05761],[14.6213,50.05691],[14.61997,50.06295],[14.62213,50.06298],[14.62258,50.0644],[14.61915,50.06483],[14.61776,50.06796],[14.61355,50.06697],[14.61201,50.07258],[14.60975,50.07322],[14.60769,50.07729],[14.60286,50.07557],[14.59937,50.0663],[14.59393,50.06483],[14.59211,50.07175],[14.58557,50.08256],[14.58544,50.0826]]],[[[14.57838,50.05734],[14.5783,50.05736],[14.57804,50.05772],[14.57795,50.05731],[14.57838,50.05734]]]]}},{"type":"Feature","properties":{"cislo":31002,"mco":"Praha-Dubeč"},"geometry":{"type":"MultiPolygon","coordinates":[[[[14.59603,50.05214],[14.58963,50.05472],[14.58683,50.05866],[14.58049,50.05723],[14.57977,50.06179],[14.57695,50.06185],[14.57838,50.05734],[14.57795,50.05731],[14.57804,50.05772],[14.57591,50.05778],[14.57791,50.05562],[14.57552,50.05179],[14.58018,50.04939],[14.5834,50.04885],[14.58441,50.04707],[14.58726,50.04848],[14.59633,50.04855],[14.59603,50.05214]]],[[[14.60286,50.07557],[14.59781,50.07501],[14.59622,50.07265],[14.59211,50.07175],[14.59393,50.06483],[14.59937,50.0663],[14.60286,50.07557]]]]}},{"type":"Feature","properties":{"cislo":14001,"mco":"Praha 14"},"geometry":{"type":"Polygon","coordinates":[[[14.53927,50.09824],[14.53036,50.0974],[14.53035,50.09731],[14.53322,50.09166],[14.53635,50.093],[14.53455,50.09582],[14.53931,50.09706],[14.53927,50.09824]]]}},{"type":"Feature","properties":{"cislo":14002,"mco":"Praha 14"},"geometry":{"type":"Polygon","coordinates":[[[14.53116,50.09946],[14.53036,50.0974],[14.53927,50.09824],[14.53664,50.0993],[14.54698,50.10434],[14.54664,50.10505],[14.54146,50.1057],[14.53752,50.10492],[14.53657,50.10227],[14.53116,50.09946]]]}},{"type":"Feature","properties":{"cislo":14003,"mco":"Praha 14"},"geometry":{"type":"Polygon","coordinates":[[[14.54125,50.1063],[14.5356,50.10575],[14.53133,50.10477],[14.53322,50.10204],[14.53116,50.09946],[14.53657,50.10227],[14.53752,50.10492],[14.54146,50.1057],[14.54125,50.1063]]]}},{"type":"Feature","properties":{"cislo":14004,"mco":"Praha 14"},"geometry":{"type":"Polygon","coordinates":[[[14.5375,50.11702],[14.53119,50.11745],[14.52825,50.11354],[14.53136,50.11136],[14.53115,50.11063],[14.53144,50.10959],[14.52949,50.10456],[14.53133,50.10477],[14.5356,50.10575],[14.5361,50.1071],[14.53297,50.10935],[14.53536,50.1128],[14.53877,50.11287],[14.5362,50.1141],[14.5375,50.11702]]]}},{"type":"Feature","properties":{"cislo":14005,"mco":"Praha 14"},"geometry":{"type":"Polygon","coordinates":[[[14.5361,50.1071],[14.53928,50.1083],[14.53794,50.10915],[14.54279,50.11122],[14.54314,50.11736],[14.5375,50.11702],[14.5362,50.1141],[14.53877,50.11287],[14.53536,50.1128],[14.53297,50.10935],[14.5361,50.1071]]]}},{"type":"Feature","properties":{"cislo":14006,"mco":"Praha 14"},"geometry":{"type":"Polygon","coordinates":[[[14.53928,50.1083],[14.5361,50.1071],[14.5356,50.10575],[14.54125,50.1063],[14.54401,50.10646],[14.54266,50.10819],[14.53928,50.1083]]]}},{"type":"Feature","properties":{"cislo":14007,"mco":"Praha 14"},"geometry":{"type":"Polygon","coordinates":[[[14.55304,50.1217],[14.54515,50.11969],[14.54551,50.11774],[14.54314,50.11736],[14.54279,50.11122],[14.53794,50.10915],[14.53928,50.1083],[14.54266,50.10819],[14.54401,50.10646],[14.54833,50.10672],[14.55343,50.10674],[14.55461,50.10732],[14.54963,50.10964],[14.55093,50.11266],[14.55347,50.11282],[14.55304,50.1217]]]}},{"type":"Feature","properties":{"cislo":14008,"mco":"Praha 14"},"geometry":{"type":"Polygon","coordinates":[[[14.54125,50.1063],[14.54146,50.1057],[14.54664,50.10505],[14.54833,50.10672],[14.54125,50.1063]]]}},{"type":"Feature","properties":{"cislo":14009,"mco":"Praha 14"},"geometry":{"type":"Polygon","coordinates":[[[14.54833,50.10672],[14.54664,50.10505],[14.54696,50.10439],[14.55131,50.10541],[14.55349,50.10673],[14.54833,50.10672]]]}},{"type":"Feature","properties":{"cislo":14010,"mco":"Praha 14"},"geometry":{"type":"Polygon","coordinates":[[[14.54696,50.10439],[14.54739,50.10248],[14.55008,50.10349],[14.54836,50.10391],[14.55131,50.10541],[14.54696,50.10439]]]}},{"type":"Feature","properties":{"cislo":14011,"mco":"Praha 14"},"geometry":{"type":"Polygon","coordinates":[[[14.55349,50.10673],[14.55131,50.10541],[14.54836,50.10391],[14.55008,50.10349],[14.55522,50.10629],[14.55349,50.10673]]]}},{"type":"Feature","properties":{"cislo":14012,"mco":"Praha 14"},"geometry":{"type":"Polygon","coordinates":[[[14.562,50.10479],[14.56121,50.10718],[14.55682,50.10659],[14.55669,50.10301],[14.562,50.10479]]]}},{"type":"Feature","properties":{"cislo":14013,"mco":"Praha 14"},"geometry":{"type":"Polygon","coordinates":[[[14.56321,50.10748],[14.56121,50.10718],[14.562,50.10479],[14.56391,50.10521],[14.56321,50.10748]]]}},{"type":"Feature","properties":{"cislo":14014,"mco":"Praha 14"},"geometry":{"type":"Polygon","coordinates":[[[14.56584,50.10565],[14.56557,50.10777],[14.56321,50.10748],[14.56391,50.10521],[14.56584,50.10565]]]}},{"type":"Feature","properties":{"cislo":14015,"mco":"Praha 14"},"geometry":{"type":"Polygon","coordinates":[[[14.56929,50.10826],[14.56557,50.10777],[14.56584,50.10565],[14.56929,50.10826]]]}},{"type":"Feature","properties":{"cislo":14016,"mco":"Praha 14"},"geometry":{"type":"Polygon","coordinates":[[[14.56555,50.10194],[14.56792,50.10154],[14.57337,50.1043],[14.5687,50.10526],[14.56393,50.10304],[14.56555,50.10194]]]}},{"type":"Feature","properties":{"cislo":14017,"mco":"Praha 14"},"geometry":{"type":"Polygon","coordinates":[[[14.57469,50.10824],[14.56929,50.10826],[14.56584,50.10565],[14.562,50.10479],[14.55669,50.10301],[14.55652,50.10214],[14.55776,50.09854],[14.56558,50.0999],[14.56555,50.10194],[14.56393,50.10304],[14.5687,50.10526],[14.57337,50.1043],[14.57359,50.10433],[14.57529,50.10556],[14.57432,50.10623],[14.57469,50.10824]]]}},{"type":"Feature","properties":{"cislo":14018,"mco":"Praha 14"},"geometry":{"type":"Polygon","coordinates":[[[14.57359,50.10433],[14.57337,50.1043],[14.56792,50.10154],[14.57525,50.10355],[14.57359,50.10433]]]}},{"type":"Feature","properties":{"cislo":14019,"mco":"Praha 14"},"geometry":{"type":"Polygon","coordinates":[[[14.58461,50.1026],[14.58082,50.10376],[14.57778,50.10266],[14.57946,50.10113],[14.58771,50.10072],[14.5898,50.10198],[14.58461,50.1026]]]}},{"type":"Feature","properties":{"cislo":14020,"mco":"Praha 14"},"geometry":{"type":"Polygon","coordinates":[[[14.57788,50.10446],[14.57778,50.10266],[14.58082,50.10376],[14.58461,50.1026],[14.58494,50.10417],[14.58147,50.10572],[14.57788,50.10446]]]}},{"type":"Feature","properties":{"cislo":14021,"mco":"Praha 14"},"geometry":{"type":"Polygon","coordinates":[[[14.58037,50.10749],[14.57707,50.10504],[14.57788,50.10446],[14.58147,50.10572],[14.58494,50.10417],[14.58461,50.1026],[14.5898,50.10198],[14.58866,50.1057],[14.58317,50.10551],[14.58037,50.10749]]]}},{"type":"Feature","properties":{"cislo":14022,"mco":"Praha 14"},"geometry":{"type":"Polygon","coordinates":[[[14.56264,50.12065],[14.55923,50.12026],[14.55955,50.12245],[14.55685,50.12277],[14.55304,50.1217],[14.55347,50.11282],[14.55093,50.11266],[14.54963,50.10964],[14.55461,50.10732],[14.55682,50.10659],[14.56321,50.10748],[14.56929,50.10826],[14.57469,50.10824],[14.57542,50.11336],[14.5787,50.11306],[14.57995,50.11729],[14.57978,50.1188],[14.5759,50.11753],[14.56264,50.12065]],[[14.55497,50.10751],[14.55681,50.11154],[14.56101,50.11284],[14.56421,50.11006],[14.5596,50.10758],[14.55497,50.10751]]]}},{"type":"Feature","properties":{"cislo":14023,"mco":"Praha 14"},"geometry":{"type":"Polygon","coordinates":[[[14.55343,50.10674],[14.55522,50.10629],[14.55008,50.10349],[14.54739,50.10248],[14.54698,50.10434],[14.53664,50.0993],[14.53927,50.09824],[14.55652,50.10214],[14.55669,50.10301],[14.55682,50.10659],[14.55461,50.10732],[14.55343,50.10674]]]}},{"type":"Feature","properties":{"cislo":14024,"mco":"Praha 14"},"geometry":{"type":"Polygon","coordinates":[[[14.55652,50.10214],[14.53927,50.09824],[14.53931,50.09706],[14.53455,50.09582],[14.53635,50.093],[14.55034,50.09421],[14.5619,50.09625],[14.56574,50.09816],[14.56558,50.0999],[14.55776,50.09854],[14.55652,50.10214]]]}},{"type":"Feature","properties":{"cislo":14025,"mco":"Praha 14"},"geometry":{"type":"Polygon","coordinates":[[[14.55034,50.09421],[14.53635,50.093],[14.53322,50.09166],[14.53307,50.09061],[14.53406,50.08864],[14.53022,50.0878],[14.53206,50.08455],[14.5376,50.085],[14.53744,50.08838],[14.54687,50.0883],[14.54744,50.08949],[14.55483,50.08801],[14.55763,50.08757],[14.5583,50.09148],[14.55034,50.09421]]]}},{"type":"Feature","properties":{"cislo":14026,"mco":"Praha 14"},"geometry":{"type":"Polygon","coordinates":[[[14.5376,50.085],[14.53909,50.08103],[14.54323,50.08172],[14.54427,50.08014],[14.55437,50.08264],[14.555,50.08178],[14.55483,50.08801],[14.54744,50.08949],[14.54687,50.0883],[14.53744,50.08838],[14.5376,50.085]]]}},{"type":"Feature","properties":{"cislo":14027,"mco":"Praha 14"},"geometry":{"type":"Polygon","coordinates":[[[14.5583,50.09148],[14.55763,50.08757],[14.55483,50.08801],[14.555,50.08178],[14.5568,50.07933],[14.5617,50.08018],[14.56161,50.07716],[14.56315,50.07817],[14.56432,50.07603],[14.56483,50.08763],[14.56657,50.08927],[14.5583,50.09148]]]}},{"type":"Feature","properties":{"cislo":14028,"mco":"Praha 14"},"geometry":{"type":"Polygon","coordinates":[[[14.57304,50.1008],[14.56558,50.0999],[14.56574,50.09816],[14.5619,50.09625],[14.55034,50.09421],[14.5583,50.09148],[14.56657,50.08927],[14.5694,50.08857],[14.57279,50.09038],[14.5697,50.09345],[14.57441,50.09593],[14.57304,50.1008]]]}},{"type":"Feature","properties":{"cislo":14029,"mco":"Praha 14"},"geometry":{"type":"Polygon","coordinates":[[[14.58037,50.10749],[14.57813,50.10802],[14.57432,50.10623],[14.57529,50.10556],[14.57707,50.10504],[14.58037,50.10749]]]}},{"type":"Feature","properties":{"cislo":14030,"mco":"Praha 14"},"geometry":{"type":"Polygon","coordinates":[[[14.58854,50.10605],[14.58578,50.11017],[14.57469,50.10824],[14.57432,50.10623],[14.57813,50.10802],[14.58037,50.10749],[14.58317,50.10551],[14.58866,50.1057],[14.58854,50.10605]]]}},{"type":"Feature","properties":{"cislo":14031,"mco":"Praha 14"},"geometry":{"type":"Polygon","coordinates":[[[14.57359,50.10433],[14.57525,50.10355],[14.56792,50.10154],[14.56555,50.10194],[14.56558,50.0999],[14.57304,50.1008],[14.57946,50.10113],[14.57778,50.10266],[14.57788,50.10446],[14.57707,50.10504],[14.57529,50.10556],[14.57359,50.10433]]]}},{"type":"Feature","properties":{"cislo":29001,"mco":"Praha-Dolní Měcholupy"},"geometry":{"type":"Polygon","coordinates":[[[14.54925,50.05706],[14.55075,50.05688],[14.54923,50.05585],[14.54693,50.05657],[14.54593,50.0544],[14.54512,50.05378],[14.5461,50.05374],[14.55094,50.05454],[14.5529,50.05189],[14.5564,50.05218],[14.55719,50.04992],[14.56091,50.05055],[14.56292,50.05195],[14.5637,50.05089],[14.56693,50.05152],[14.57105,50.04753],[14.56857,50.04637],[14.57563,50.04201],[14.57575,50.04206],[14.58086,50.04786],[14.58018,50.04939],[14.57552,50.05179],[14.57791,50.05562],[14.57591,50.05778],[14.57804,50.05772],[14.5783,50.05736],[14.57838,50.05734],[14.57695,50.06185],[14.57166,50.06109],[14.56439,50.06101],[14.54925,50.05706]]]}},{"type":"Feature","properties":{"cislo":36001,"mco":"Praha-Křeslice"},"geometry":{"type":"Polygon","coordinates":[[[14.57944,50.03256],[14.57577,50.03418],[14.57162,50.0321],[14.56047,50.03106],[14.55621,50.02905],[14.55159,50.03033],[14.54935,50.02759],[14.54671,50.02596],[14.55121,50.02197],[14.54984,50.02034],[14.55567,50.01779],[14.5543,50.01223],[14.56304,50.01162],[14.56854,50.00758],[14.57524,50.01268],[14.57337,50.01326],[14.57395,50.01764],[14.5714,50.01793],[14.5737,50.02301],[14.57116,50.02336],[14.5729,50.02555],[14.57015,50.02935],[14.57944,50.03256]]]}},{"type":"Feature","properties":{"cislo":1001,"mco":"Praha 1"},"geometry":{"type":"Polygon","coordinates":[[[14.38908,50.09217],[14.3881,50.08878],[14.38818,50.08723],[14.38563,50.08644],[14.38809,50.08305],[14.39259,50.08243],[14.39332,50.08485],[14.39061,50.08704],[14.39851,50.08855],[14.40683,50.09257],[14.40577,50.09444],[14.39842,50.09338],[14.38908,50.09217]]]}},{"type":"Feature","properties":{"cislo":1002,"mco":"Praha 1"},"geometry":{"type":"Polygon","coordinates":[[[14.41656,50.09397],[14.4115,50.09229],[14.41118,50.0955],[14.40914,50.09523],[14.40577,50.09444],[14.40683,50.09257],[14.39851,50.08855],[14.39936,50.08735],[14.40625,50.08738],[14.41146,50.08657],[14.41712,50.09312],[14.41656,50.09397]]]}},{"type":"Feature","properties":{"cislo":1003,"mco":"Praha 1"},"geometry":{"type":"Polygon","coordinates":[[[14.39332,50.08485],[14.40428,50.08597],[14.40625,50.08738],[14.39936,50.08735],[14.39851,50.08855],[14.39061,50.08704],[14.39332,50.08485]]]}},{"type":"Feature","properties":{"cislo":1004,"mco":"Praha 1"},"geometry":{"type":"Polygon","coordinates":[[[14.40428,50.08597],[14.39332,50.08485],[14.39259,50.08243],[14.39765,50.08],[14.40322,50.08083],[14.40704,50.08131],[14.40428,50.08597]]]}},{"type":"Feature","properties":{"cislo":1005,"mco":"Praha 1"},"geometry":{"type":"Polygon","coordinates":[[[14.40625,50.08738],[14.40428,50.08597],[14.40704,50.08131],[14.40917,50.08135],[14.40976,50.08376],[14.41146,50.08657],[14.40625,50.08738]]]}},{"type":"Feature","properties":{"cislo":1006,"mco":"Praha 1"},"geometry":{"type":"Polygon","coordinates":[[[14.40917,50.08135],[14.41096,50.07875],[14.41181,50.08131],[14.41527,50.07918],[14.41849,50.0798],[14.41924,50.08242],[14.41852,50.08401],[14.40976,50.08376],[14.40917,50.08135]]]}},{"type":"Feature","properties":{"cislo":1007,"mco":"Praha 1"},"geometry":{"type":"Polygon","coordinates":[[[14.42207,50.08733],[14.41852,50.08401],[14.41924,50.08242],[14.42199,50.08315],[14.42366,50.08436],[14.42808,50.08713],[14.42604,50.0873],[14.42207,50.08733]]]}},{"type":"Feature","properties":{"cislo":1008,"mco":"Praha 1"},"geometry":{"type":"Polygon","coordinates":[[[14.41146,50.08658],[14.40976,50.08376],[14.41852,50.08401],[14.42207,50.08733],[14.41641,50.08859],[14.41447,50.08615],[14.41146,50.08658]]]}},{"type":"Feature","properties":{"cislo":1009,"mco":"Praha 1"},"geometry":{"type":"Polygon","coordinates":[[[14.41712,50.09312],[14.41146,50.08658],[14.41447,50.08615],[14.41641,50.08859],[14.42073,50.08761],[14.41712,50.09312]]]}},{"type":"Feature","properties":{"cislo":1010,"mco":"Praha 1"},"geometry":{"type":"Polygon","coordinates":[[[14.42253,50.09408],[14.41712,50.09312],[14.41863,50.09082],[14.42249,50.09073],[14.42284,50.09065],[14.42492,50.09121],[14.42502,50.09425],[14.42253,50.09408]]]}},{"type":"Feature","properties":{"cislo":1011,"mco":"Praha 1"},"geometry":{"type":"Polygon","coordinates":[[[14.42284,50.09065],[14.4227,50.08952],[14.42585,50.09064],[14.42399,50.0893],[14.42604,50.0873],[14.42808,50.08713],[14.42784,50.09081],[14.42684,50.09437],[14.42502,50.09425],[14.42492,50.09121],[14.42284,50.09065]]]}},{"type":"Feature","properties":{"cislo":1012,"mco":"Praha 1"},"geometry":{"type":"Polygon","coordinates":[[[14.41946,50.08951],[14.42073,50.08761],[14.42207,50.08733],[14.42604,50.0873],[14.42399,50.0893],[14.42585,50.09064],[14.4227,50.08952],[14.42284,50.09065],[14.42249,50.09073],[14.41946,50.08951]]]}},{"type":"Feature","properties":{"cislo":1013,"mco":"Praha 1"},"geometry":{"type":"Polygon","coordinates":[[[14.42249,50.09073],[14.41863,50.09082],[14.41946,50.08951],[14.42249,50.09073]]]}},{"type":"Feature","properties":{"cislo":1014,"mco":"Praha 1"},"geometry":{"type":"Polygon","coordinates":[[[14.43114,50.09425],[14.42684,50.09437],[14.42784,50.09081],[14.43673,50.09197],[14.43669,50.09437],[14.43114,50.09425]]]}},{"type":"Feature","properties":{"cislo":1015,"mco":"Praha 1"},"geometry":{"type":"Polygon","coordinates":[[[14.43673,50.09197],[14.42784,50.09081],[14.42808,50.08713],[14.43726,50.08666],[14.43753,50.08658],[14.43673,50.09197]]]}},{"type":"Feature","properties":{"cislo":1016,"mco":"Praha 1"},"geometry":{"type":"Polygon","coordinates":[[[14.42808,50.08713],[14.42366,50.08436],[14.42625,50.08257],[14.42927,50.0846],[14.43284,50.08109],[14.43726,50.08666],[14.42808,50.08713]]]}},{"type":"Feature","properties":{"cislo":1017,"mco":"Praha 1"},"geometry":{"type":"Polygon","coordinates":[[[14.43284,50.08109],[14.42927,50.0846],[14.42625,50.08257],[14.42876,50.08074],[14.42671,50.07732],[14.43051,50.07716],[14.43159,50.07849],[14.43288,50.07928],[14.43284,50.08109]]]}},{"type":"Feature","properties":{"cislo":1018,"mco":"Praha 1"},"geometry":{"type":"Polygon","coordinates":[[[14.42366,50.08436],[14.42199,50.08315],[14.424,50.0806],[14.42599,50.07981],[14.42479,50.0774],[14.42671,50.07732],[14.42876,50.08074],[14.42625,50.08257],[14.42366,50.08436]]]}},{"type":"Feature","properties":{"cislo":1019,"mco":"Praha 1"},"geometry":{"type":"Polygon","coordinates":[[[14.424,50.0806],[14.42208,50.07916],[14.42184,50.0788],[14.42134,50.07758],[14.42479,50.0774],[14.42599,50.07981],[14.424,50.0806]]]}},{"type":"Feature","properties":{"cislo":1020,"mco":"Praha 1"},"geometry":{"type":"Polygon","coordinates":[[[14.42199,50.08315],[14.41924,50.08242],[14.41968,50.07924],[14.42208,50.07916],[14.424,50.0806],[14.42199,50.08315]]]}},{"type":"Feature","properties":{"cislo":1021,"mco":"Praha 1"},"geometry":{"type":"Polygon","coordinates":[[[14.41924,50.08242],[14.41849,50.0798],[14.41527,50.07918],[14.41181,50.08131],[14.41096,50.07875],[14.41158,50.07567],[14.41417,50.0764],[14.41968,50.07924],[14.41924,50.08242]]]}},{"type":"Feature","properties":{"cislo":57005,"mco":"Praha-Zličín"},"geometry":{"type":"Polygon","coordinates":[[[14.30019,50.06334],[14.2931,50.05954],[14.28777,50.05787],[14.2819,50.05549],[14.2786,50.05984],[14.27665,50.05915],[14.27327,50.05679],[14.27515,50.05587],[14.27164,50.05441],[14.27271,50.05069],[14.27598,50.04941],[14.29833,50.05237],[14.29722,50.05506],[14.30477,50.05738],[14.30451,50.06093],[14.30418,50.06105],[14.30019,50.06334]]]}},{"type":"Feature","properties":{"cislo":16001,"mco":"Praha 16"},"geometry":{"type":"Polygon","coordinates":[[[14.32534,50.00917],[14.32309,50.00902],[14.32174,50.00517],[14.31906,50.00476],[14.3179,49.99551],[14.32295,49.99597],[14.32671,49.99358],[14.33128,49.99496],[14.33321,49.99337],[14.33641,49.99386],[14.34282,49.99071],[14.33485,49.98806],[14.33516,49.98652],[14.33899,49.98541],[14.34021,49.98421],[14.34591,49.98612],[14.35449,49.98625],[14.35539,49.98499],[14.36003,49.98602],[14.35488,49.99183],[14.35639,49.99396],[14.35329,49.99257],[14.34884,49.99308],[14.34738,49.9945],[14.34997,49.99828],[14.34127,49.99824],[14.34159,50.00039],[14.33812,50.00229],[14.33909,50.00553],[14.33528,50.00651],[14.32983,50.00465],[14.32534,50.00917]]]}},{"type":"Feature","properties":{"cislo":16002,"mco":"Praha 16"},"geometry":{"type":"Polygon","coordinates":[[[14.35539,49.98499],[14.35449,49.98625],[14.34591,49.98612],[14.34021,49.98421],[14.33899,49.98541],[14.33765,49.98247],[14.33966,49.98083],[14.33241,49.97738],[14.33267,49.97596],[14.33,49.97549],[14.32688,49.97194],[14.32804,49.97086],[14.33236,49.97111],[14.34069,49.97469],[14.34624,49.97479],[14.35244,49.97775],[14.35472,49.98206],[14.35457,49.97916],[14.36099,49.98344],[14.35539,49.98499]]]}},{"type":"Feature","properties":{"cislo":16003,"mco":"Praha 16"},"geometry":{"type":"Polygon","coordinates":[[[14.35244,49.97775],[14.35457,49.97916],[14.35472,49.98206],[14.35244,49.97775]]]}},{"type":"Feature","properties":{"cislo":16004,"mco":"Praha 16"},"geometry":{"type":"Polygon","coordinates":[[[14.36099,49.98344],[14.35244,49.97775],[14.34624,49.97479],[14.34506,49.97369],[14.34714,49.97255],[14.35405,49.97178],[14.35754,49.97303],[14.36239,49.981],[14.36432,49.98178],[14.36099,49.98344]]]}},{"type":"Feature","properties":{"cislo":16005,"mco":"Praha 16"},"geometry":{"type":"Polygon","coordinates":[[[14.37628,49.99497],[14.36901,49.98961],[14.36099,49.98344],[14.36432,49.98178],[14.37072,49.98506],[14.38121,49.98472],[14.38588,49.98948],[14.39454,49.99495],[14.38643,49.99888],[14.38115,50.00064],[14.37628,49.99497]]]}},{"type":"Feature","properties":{"cislo":16006,"mco":"Praha 16"},"geometry":{"type":"Polygon","coordinates":[[[14.3691,50.00018],[14.36095,49.99508],[14.36228,49.99402],[14.36617,49.99504],[14.36422,49.99082],[14.36901,49.98961],[14.37628,49.99497],[14.37605,49.99508],[14.3691,50.00018]]]}},{"type":"Feature","properties":{"cislo":16007,"mco":"Praha 16"},"geometry":{"type":"Polygon","coordinates":[[[14.36095,49.99508],[14.36052,49.99486],[14.35639,49.99396],[14.35488,49.99183],[14.36177,49.98406],[14.36901,49.98961],[14.36422,49.99082],[14.36617,49.99504],[14.36228,49.99402],[14.36095,49.99508]]]}},{"type":"Feature","properties":{"cislo":16008,"mco":"Praha 16"},"geometry":{"type":"Polygon","coordinates":[[[14.35539,49.98499],[14.36099,49.98344],[14.36177,49.98406],[14.36003,49.98602],[14.35539,49.98499]]]}},{"type":"Feature","properties":{"cislo":20001,"mco":"Praha 20"},"geometry":{"type":"Polygon","coordinates":[[[14.60272,50.12148],[14.59186,50.12287],[14.59291,50.12077],[14.5872,50.1208],[14.58715,50.11725],[14.57995,50.11729],[14.5787,50.11306],[14.57542,50.11336],[14.57469,50.10824],[14.58578,50.11017],[14.58854,50.10605],[14.59451,50.10698],[14.59262,50.10891],[14.6017,50.10899],[14.5984,50.11221],[14.60238,50.11242],[14.60259,50.11284],[14.59835,50.11372],[14.60191,50.11384],[14.6033,50.11802],[14.60272,50.12148]]]}},{"type":"Feature","properties":{"cislo":20002,"mco":"Praha 20"},"geometry":{"type":"Polygon","coordinates":[[[14.60238,50.11242],[14.5984,50.11221],[14.6017,50.10899],[14.59262,50.10891],[14.59451,50.10698],[14.60164,50.10747],[14.60186,50.10898],[14.60044,50.11056],[14.60208,50.11173],[14.60238,50.11242]]]}},{"type":"Feature","properties":{"cislo":20003,"mco":"Praha 20"},"geometry":{"type":"Polygon","coordinates":[[[14.59451,50.10698],[14.58854,50.10605],[14.5898,50.10198],[14.58771,50.10072],[14.57946,50.10113],[14.58231,50.09741],[14.58927,50.09936],[14.59243,50.09465],[14.59652,50.09622],[14.61751,50.09853],[14.62447,50.09565],[14.63323,50.09166],[14.63799,50.09249],[14.63776,50.09015],[14.64259,50.09213],[14.64359,50.0978],[14.64878,50.09704],[14.64991,50.10041],[14.64778,50.10301],[14.6415,50.10307],[14.63972,50.10468],[14.63236,50.10289],[14.62154,50.10485],[14.61807,50.10499],[14.61161,50.10707],[14.60862,50.10754],[14.60684,50.105],[14.60558,50.10818],[14.60186,50.10898],[14.60164,50.10747],[14.59451,50.10698]]]}},{"type":"Feature","properties":{"cislo":20004,"mco":"Praha 20"},"geometry":{"type":"Polygon","coordinates":[[[14.60208,50.11173],[14.60044,50.11056],[14.60186,50.10898],[14.60558,50.10818],[14.60684,50.105],[14.60862,50.10754],[14.61161,50.10707],[14.61256,50.10948],[14.61035,50.10957],[14.61067,50.11127],[14.61063,50.11214],[14.60636,50.11191],[14.60541,50.11041],[14.60208,50.11173]]]}},{"type":"Feature","properties":{"cislo":20005,"mco":"Praha 20"},"geometry":{"type":"Polygon","coordinates":[[[14.60238,50.11242],[14.60208,50.11173],[14.60541,50.11041],[14.60636,50.11191],[14.60259,50.11284],[14.60238,50.11242]]]}},{"type":"Feature","properties":{"cislo":20006,"mco":"Praha 20"},"geometry":{"type":"Polygon","coordinates":[[[14.61662,50.11418],[14.61547,50.11745],[14.61172,50.1168],[14.60865,50.12109],[14.60515,50.12032],[14.6033,50.11802],[14.60191,50.11384],[14.59835,50.11372],[14.60259,50.11284],[14.60636,50.11191],[14.61063,50.11214],[14.61662,50.11418]]]}},{"type":"Feature","properties":{"cislo":20007,"mco":"Praha 20"},"geometry":{"type":"Polygon","coordinates":[[[14.61662,50.11418],[14.61063,50.11214],[14.61067,50.11127],[14.61364,50.11107],[14.61804,50.11322],[14.61662,50.11418]]]}},{"type":"Feature","properties":{"cislo":20008,"mco":"Praha 20"},"geometry":{"type":"Polygon","coordinates":[[[14.61067,50.11127],[14.61035,50.10957],[14.61256,50.10948],[14.61161,50.10707],[14.61807,50.10499],[14.61801,50.10657],[14.62127,50.10782],[14.62324,50.10943],[14.61918,50.11054],[14.62028,50.11203],[14.61804,50.11322],[14.61364,50.11107],[14.61067,50.11127]]]}},{"type":"Feature","properties":{"cislo":20009,"mco":"Praha 20"},"geometry":{"type":"Polygon","coordinates":[[[14.63237,50.12997],[14.62162,50.12791],[14.62454,50.12247],[14.61954,50.12148],[14.62056,50.11842],[14.62539,50.11754],[14.62611,50.1159],[14.62752,50.11497],[14.6261,50.11467],[14.63308,50.11516],[14.6363,50.10839],[14.62154,50.10485],[14.63236,50.10289],[14.63972,50.10468],[14.6415,50.10307],[14.64778,50.10301],[14.64991,50.10041],[14.65837,50.10345],[14.6559,50.10441],[14.65751,50.10657],[14.65919,50.12267],[14.63984,50.12424],[14.63519,50.12404],[14.63237,50.12997]]]}},{"type":"Feature","properties":{"cislo":20010,"mco":"Praha 20"},"geometry":{"type":"Polygon","coordinates":[[[14.60464,50.12848],[14.60272,50.12148],[14.6033,50.11802],[14.60515,50.12032],[14.60865,50.12109],[14.61172,50.1168],[14.61547,50.11745],[14.61662,50.11418],[14.61804,50.11322],[14.62028,50.11203],[14.62128,50.11225],[14.6213,50.1142],[14.62611,50.1159],[14.62539,50.11754],[14.62056,50.11842],[14.61954,50.12148],[14.62454,50.12247],[14.62162,50.12791],[14.62066,50.12957],[14.60871,50.12719],[14.60464,50.12848]]]}},{"type":"Feature","properties":{"cislo":20011,"mco":"Praha 20"},"geometry":{"type":"Polygon","coordinates":[[[14.62611,50.1159],[14.6213,50.1142],[14.62128,50.11225],[14.62391,50.10872],[14.62127,50.10782],[14.61801,50.10657],[14.61807,50.10499],[14.62154,50.10485],[14.6363,50.10839],[14.63308,50.11516],[14.6261,50.11467],[14.62752,50.11497],[14.62611,50.1159]]]}},{"type":"Feature","properties":{"cislo":20012,"mco":"Praha 20"},"geometry":{"type":"Polygon","coordinates":[[[14.62028,50.11203],[14.61918,50.11054],[14.62324,50.10943],[14.62127,50.10782],[14.62391,50.10872],[14.62128,50.11225],[14.62028,50.11203]]]}},{"type":"Feature","properties":{"cislo":9004,"mco":"Praha 9"},"geometry":{"type":"Polygon","coordinates":[[[14.52949,50.10456],[14.522,50.10768],[14.51284,50.10546],[14.51351,50.10045],[14.53035,50.09731],[14.53116,50.09946],[14.53322,50.10204],[14.53133,50.10477],[14.52949,50.10456]]]}},{"type":"Feature","properties":{"cislo":25001,"mco":"Praha-Březiněves"},"geometry":{"type":"Polygon","coordinates":[[[14.46699,50.16962],[14.46685,50.1655],[14.46392,50.16495],[14.4642,50.16],[14.46051,50.15907],[14.46109,50.15466],[14.46705,50.15468],[14.46709,50.15358],[14.46892,50.15357],[14.46968,50.16064],[14.48887,50.16162],[14.48915,50.164],[14.49582,50.16209],[14.49955,50.16444],[14.50245,50.16409],[14.50536,50.16387],[14.50698,50.17151],[14.49806,50.17199],[14.4796,50.17237],[14.48023,50.16995],[14.46699,50.16962]]]}},{"type":"Feature","properties":{"cislo":8001,"mco":"Praha 8"},"geometry":{"type":"Polygon","coordinates":[[[14.43673,50.09197],[14.43753,50.08658],[14.43813,50.08638],[14.44504,50.08925],[14.44253,50.09066],[14.44147,50.09477],[14.43669,50.09437],[14.43673,50.09197]]]}},{"type":"Feature","properties":{"cislo":8002,"mco":"Praha 8"},"geometry":{"type":"Polygon","coordinates":[[[14.44534,50.09128],[14.44253,50.09066],[14.44504,50.08925],[14.44799,50.08986],[14.44706,50.09166],[14.44534,50.09128]]]}},{"type":"Feature","properties":{"cislo":8003,"mco":"Praha 8"},"geometry":{"type":"Polygon","coordinates":[[[14.44163,50.0941],[14.44253,50.09066],[14.44534,50.09128],[14.44367,50.09398],[14.44163,50.0941]]]}},{"type":"Feature","properties":{"cislo":8004,"mco":"Praha 8"},"geometry":{"type":"Polygon","coordinates":[[[14.44654,50.09302],[14.44858,50.09431],[14.4475,50.09643],[14.44147,50.09477],[14.44163,50.0941],[14.44367,50.09398],[14.44534,50.09128],[14.44706,50.09166],[14.44654,50.09302]]]}},{"type":"Feature","properties":{"cislo":8005,"mco":"Praha 8"},"geometry":{"type":"Polygon","coordinates":[[[14.45137,50.09409],[14.44654,50.09302],[14.44706,50.09166],[14.45223,50.09279],[14.45137,50.09409]]]}},{"type":"Feature","properties":{"cislo":8006,"mco":"Praha 8"},"geometry":{"type":"Polygon","coordinates":[[[14.45223,50.09279],[14.44706,50.09166],[14.44799,50.08986],[14.45347,50.09052],[14.45223,50.09279]]]}},{"type":"Feature","properties":{"cislo":32001,"mco":"Praha-Klánovice"},"geometry":{"type":"Polygon","coordinates":[[[14.66531,50.08727],[14.67028,50.08751],[14.68587,50.08543],[14.68979,50.09609],[14.68872,50.09891],[14.69127,50.09996],[14.67549,50.10209],[14.66905,50.09533],[14.66531,50.08727]]]}},{"type":"Feature","properties":{"cislo":32002,"mco":"Praha-Klánovice"},"geometry":{"type":"Polygon","coordinates":[[[14.65751,50.10657],[14.6559,50.10441],[14.65837,50.10345],[14.64991,50.10041],[14.64878,50.09704],[14.64359,50.0978],[14.64259,50.09213],[14.63776,50.09015],[14.63799,50.09249],[14.63323,50.09166],[14.63683,50.08503],[14.66531,50.08727],[14.66905,50.09533],[14.67549,50.10209],[14.66867,50.10404],[14.66596,50.10272],[14.66069,50.1066],[14.65751,50.10657]]]}},{"type":"Feature","properties":{"cislo":43001,"mco":"Praha-Nedvězí"},"geometry":{"type":"Polygon","coordinates":[[[14.66142,50.02583],[14.65124,50.02632],[14.64588,50.02869],[14.64339,50.02678],[14.63664,50.02607],[14.63827,50.02354],[14.64138,50.02302],[14.63796,50.02192],[14.63915,50.01435],[14.64316,50.0143],[14.64317,50.01077],[14.64884,50.00788],[14.64987,50.00886],[14.65785,50.00442],[14.66268,50.00847],[14.66134,50.01247],[14.66862,50.0135],[14.66903,50.01645],[14.6696,50.01891],[14.66142,50.02583]]]}},{"type":"Feature","properties":{"cislo":23001,"mco":"Praha-Běchovice"},"geometry":{"type":"Polygon","coordinates":[[[14.63323,50.09166],[14.62447,50.09565],[14.62263,50.09359],[14.60418,50.09225],[14.60521,50.08684],[14.60142,50.08601],[14.60151,50.08349],[14.60191,50.08203],[14.60659,50.0806],[14.60769,50.07729],[14.60975,50.07322],[14.61201,50.07258],[14.61355,50.06697],[14.61776,50.06796],[14.62443,50.07049],[14.62275,50.07485],[14.62531,50.07466],[14.62648,50.0718],[14.62914,50.0727],[14.63153,50.07047],[14.63941,50.07255],[14.64192,50.0741],[14.64078,50.07939],[14.63506,50.08009],[14.63453,50.08262],[14.63683,50.08503],[14.63323,50.09166]]]}},{"type":"Feature","properties":{"cislo":4130,"mco":"Praha 4"},"geometry":{"type":"Polygon","coordinates":[[[14.41774,50.02487],[14.40929,50.02085],[14.41041,50.01985],[14.41599,50.02175],[14.41889,50.02248],[14.41774,50.02487]]]}},{"type":"Feature","properties":{"cislo":23002,"mco":"Praha-Běchovice"},"geometry":{"type":"Polygon","coordinates":[[[14.58557,50.08256],[14.59211,50.07175],[14.59622,50.07265],[14.59781,50.07501],[14.60286,50.07557],[14.60769,50.07729],[14.60659,50.0806],[14.60191,50.08203],[14.60151,50.08349],[14.59313,50.08155],[14.58557,50.08256]]]}},{"type":"Feature","properties":{"cislo":53001,"mco":"Praha-Újezd"},"geometry":{"type":"Polygon","coordinates":[[[14.54886,50.0285],[14.54745,50.02939],[14.5434,50.02681],[14.54057,50.02775],[14.53308,50.02594],[14.52701,50.02406],[14.52645,50.02159],[14.52964,50.01418],[14.53555,50.01182],[14.54243,50.00877],[14.55092,50.00806],[14.5543,50.01223],[14.55567,50.01779],[14.54984,50.02034],[14.55121,50.02197],[14.54671,50.02596],[14.54935,50.02759],[14.54886,50.0285]]]}},{"type":"Feature","properties":{"cislo":53002,"mco":"Praha-Újezd"},"geometry":{"type":"Polygon","coordinates":[[[14.51902,50.0218],[14.51736,50.02121],[14.51399,50.02031],[14.52964,50.01418],[14.52645,50.02159],[14.52203,50.02036],[14.51902,50.0218]]]}},{"type":"Feature","properties":{"cislo":53003,"mco":"Praha-Újezd"},"geometry":{"type":"Polygon","coordinates":[[[14.52701,50.02406],[14.52372,50.02343],[14.52163,50.02265],[14.51902,50.0218],[14.52203,50.02036],[14.52645,50.02159],[14.52701,50.02406]]]}},{"type":"Feature","properties":{"cislo":8007,"mco":"Praha 8"},"geometry":{"type":"Polygon","coordinates":[[[14.45493,50.09941],[14.4475,50.09643],[14.44858,50.09431],[14.44654,50.09302],[14.45659,50.09525],[14.45493,50.09941]]]}},{"type":"Feature","properties":{"cislo":8008,"mco":"Praha 8"},"geometry":{"type":"Polygon","coordinates":[[[14.45223,50.09279],[14.45347,50.09052],[14.45544,50.09092],[14.45922,50.09179],[14.45876,50.09263],[14.45642,50.09171],[14.45535,50.09348],[14.45223,50.09279]]]}},{"type":"Feature","properties":{"cislo":8009,"mco":"Praha 8"},"geometry":{"type":"Polygon","coordinates":[[[14.45483,50.09486],[14.45137,50.09409],[14.45223,50.09279],[14.45535,50.09348],[14.45642,50.09171],[14.45483,50.09486]]]}},{"type":"Feature","properties":{"cislo":8010,"mco":"Praha 8"},"geometry":{"type":"Polygon","coordinates":[[[14.45799,50.09407],[14.4558,50.09507],[14.45483,50.09486],[14.45549,50.09352],[14.45799,50.09407]]]}},{"type":"Feature","properties":{"cislo":8011,"mco":"Praha 8"},"geometry":{"type":"Polygon","coordinates":[[[14.45843,50.09418],[14.45549,50.09352],[14.45642,50.09171],[14.45876,50.09263],[14.46024,50.09295],[14.45843,50.09418]]]}},{"type":"Feature","properties":{"cislo":8012,"mco":"Praha 8"},"geometry":{"type":"Polygon","coordinates":[[[14.46074,50.09472],[14.46002,50.09603],[14.4558,50.09507],[14.45799,50.09407],[14.46074,50.09472]]]}},{"type":"Feature","properties":{"cislo":8013,"mco":"Praha 8"},"geometry":{"type":"Polygon","coordinates":[[[14.45843,50.09418],[14.46024,50.09295],[14.45876,50.09263],[14.45922,50.09179],[14.46158,50.09212],[14.46074,50.09472],[14.45843,50.09418]]]}},{"type":"Feature","properties":{"cislo":8014,"mco":"Praha 8"},"geometry":{"type":"Polygon","coordinates":[[[14.46375,50.0974],[14.46236,50.0969],[14.46103,50.10065],[14.45866,50.10161],[14.45493,50.09941],[14.45659,50.09525],[14.46002,50.09603],[14.46074,50.09472],[14.46158,50.09212],[14.46819,50.0933],[14.46678,50.09578],[14.46375,50.0974]]]}},{"type":"Feature","properties":{"cislo":8015,"mco":"Praha 8"},"geometry":{"type":"Polygon","coordinates":[[[14.46754,50.09447],[14.47073,50.09648],[14.47044,50.09818],[14.46762,50.09883],[14.46375,50.0974],[14.46678,50.09578],[14.46754,50.09447]]]}},{"type":"Feature","properties":{"cislo":8016,"mco":"Praha 8"},"geometry":{"type":"Polygon","coordinates":[[[14.46004,50.10343],[14.45866,50.10161],[14.46103,50.10065],[14.46236,50.0969],[14.46762,50.09883],[14.47044,50.09818],[14.47073,50.09648],[14.46754,50.09447],[14.46819,50.0933],[14.46918,50.0931],[14.47562,50.09639],[14.47856,50.09778],[14.48374,50.10221],[14.48083,50.10158],[14.47725,50.10001],[14.47366,50.10163],[14.47342,50.1036],[14.46004,50.10343]]]}},{"type":"Feature","properties":{"cislo":8017,"mco":"Praha 8"},"geometry":{"type":"Polygon","coordinates":[[[14.47817,50.10317],[14.47366,50.10163],[14.47725,50.10001],[14.48083,50.10158],[14.4806,50.10397],[14.47817,50.10317]]]}},{"type":"Feature","properties":{"cislo":8018,"mco":"Praha 8"},"geometry":{"type":"Polygon","coordinates":[[[14.47342,50.1036],[14.47366,50.10163],[14.47629,50.10253],[14.47492,50.10404],[14.47342,50.1036]]]}},{"type":"Feature","properties":{"cislo":8019,"mco":"Praha 8"},"geometry":{"type":"Polygon","coordinates":[[[14.47701,50.10467],[14.47492,50.10404],[14.47629,50.10253],[14.47817,50.10317],[14.47701,50.10467]]]}},{"type":"Feature","properties":{"cislo":8020,"mco":"Praha 8"},"geometry":{"type":"Polygon","coordinates":[[[14.48075,50.10578],[14.47701,50.10467],[14.47817,50.10317],[14.4806,50.10397],[14.48075,50.10578]]]}},{"type":"Feature","properties":{"cislo":8021,"mco":"Praha 8"},"geometry":{"type":"Polygon","coordinates":[[[14.47762,50.10604],[14.47288,50.10596],[14.47342,50.1036],[14.48075,50.10578],[14.48076,50.10625],[14.47762,50.10604]]]}},{"type":"Feature","properties":{"cislo":8022,"mco":"Praha 8"},"geometry":{"type":"Polygon","coordinates":[[[14.44956,50.1132],[14.45723,50.11101],[14.4606,50.10621],[14.46004,50.10343],[14.47342,50.1036],[14.47288,50.10596],[14.47762,50.10604],[14.47661,50.10699],[14.47271,50.10667],[14.47232,50.10853],[14.46832,50.11165],[14.45401,50.11378],[14.44956,50.1132]]]}},{"type":"Feature","properties":{"cislo":8023,"mco":"Praha 8"},"geometry":{"type":"Polygon","coordinates":[[[14.47232,50.10853],[14.47271,50.10667],[14.47661,50.10699],[14.47391,50.10854],[14.47232,50.10853]]]}},{"type":"Feature","properties":{"cislo":8024,"mco":"Praha 8"},"geometry":{"type":"Polygon","coordinates":[[[14.47391,50.10854],[14.47661,50.10699],[14.47762,50.10604],[14.48076,50.10625],[14.48122,50.10876],[14.47871,50.10978],[14.47391,50.10854]]]}},{"type":"Feature","properties":{"cislo":8025,"mco":"Praha 8"},"geometry":{"type":"Polygon","coordinates":[[[14.46832,50.11165],[14.47232,50.10853],[14.47391,50.10854],[14.47871,50.10978],[14.47555,50.11123],[14.46832,50.11165]]]}},{"type":"Feature","properties":{"cislo":8026,"mco":"Praha 8"},"geometry":{"type":"Polygon","coordinates":[[[14.47212,50.11246],[14.46902,50.11163],[14.47555,50.11123],[14.47587,50.11254],[14.47212,50.11246]]]}},{"type":"Feature","properties":{"cislo":8027,"mco":"Praha 8"},"geometry":{"type":"Polygon","coordinates":[[[14.47585,50.11741],[14.4759,50.11605],[14.47667,50.11455],[14.47632,50.11345],[14.47587,50.11254],[14.47555,50.11123],[14.47871,50.10978],[14.48122,50.10876],[14.48285,50.10991],[14.49231,50.11219],[14.48859,50.11413],[14.4898,50.11536],[14.48275,50.11796],[14.47585,50.11741]]]}},{"type":"Feature","properties":{"cislo":8028,"mco":"Praha 8"},"geometry":{"type":"Polygon","coordinates":[[[14.47212,50.11246],[14.47587,50.11254],[14.47632,50.11345],[14.47292,50.11334],[14.47212,50.11246]]]}},{"type":"Feature","properties":{"cislo":8029,"mco":"Praha 8"},"geometry":{"type":"Polygon","coordinates":[[[14.47404,50.11467],[14.47204,50.11419],[14.47292,50.11334],[14.47632,50.11345],[14.47667,50.11455],[14.47437,50.11532],[14.47404,50.11467]]]}},{"type":"Feature","properties":{"cislo":8030,"mco":"Praha 8"},"geometry":{"type":"Polygon","coordinates":[[[14.47437,50.11532],[14.47096,50.11579],[14.47404,50.11467],[14.47437,50.11532]]]}},{"type":"Feature","properties":{"cislo":8031,"mco":"Praha 8"},"geometry":{"type":"Polygon","coordinates":[[[14.47115,50.11652],[14.47096,50.11579],[14.47437,50.11532],[14.47667,50.11455],[14.4759,50.11605],[14.47115,50.11652]]]}},{"type":"Feature","properties":{"cislo":8032,"mco":"Praha 8"},"geometry":{"type":"Polygon","coordinates":[[[14.4806,50.12487],[14.47517,50.121],[14.47448,50.12192],[14.4695,50.12056],[14.46636,50.11981],[14.46858,50.11819],[14.46727,50.1172],[14.4684,50.11586],[14.47115,50.11652],[14.4759,50.11605],[14.47585,50.11741],[14.47626,50.11926],[14.48122,50.12176],[14.48514,50.12471],[14.4824,50.12615],[14.4806,50.12487]]]}},{"type":"Feature","properties":{"cislo":8033,"mco":"Praha 8"},"geometry":{"type":"Polygon","coordinates":[[[14.47115,50.11652],[14.4684,50.11586],[14.47204,50.11419],[14.47404,50.11467],[14.47096,50.11579],[14.47115,50.11652]]]}},{"type":"Feature","properties":{"cislo":8034,"mco":"Praha 8"},"geometry":{"type":"Polygon","coordinates":[[[14.46552,50.11772],[14.45622,50.11672],[14.45703,50.11512],[14.45408,50.11467],[14.45401,50.11378],[14.46832,50.11165],[14.46902,50.11163],[14.47212,50.11246],[14.47292,50.11334],[14.47204,50.11419],[14.4684,50.11586],[14.46727,50.1172],[14.46552,50.11772]]]}},{"type":"Feature","properties":{"cislo":8035,"mco":"Praha 8"},"geometry":{"type":"Polygon","coordinates":[[[14.45925,50.1192],[14.45168,50.11744],[14.45408,50.11467],[14.45703,50.11512],[14.45622,50.11672],[14.46552,50.11772],[14.46698,50.11774],[14.46124,50.11968],[14.45925,50.1192]]]}},{"type":"Feature","properties":{"cislo":8036,"mco":"Praha 8"},"geometry":{"type":"Polygon","coordinates":[[[14.43771,50.11586],[14.44184,50.11589],[14.44545,50.11494],[14.44539,50.11349],[14.44956,50.1132],[14.45401,50.11378],[14.45408,50.11467],[14.45168,50.11744],[14.45925,50.1192],[14.44949,50.12093],[14.43771,50.11586]]]}},{"type":"Feature","properties":{"cislo":8037,"mco":"Praha 8"},"geometry":{"type":"Polygon","coordinates":[[[14.45525,50.12178],[14.44949,50.12093],[14.45925,50.1192],[14.46124,50.11968],[14.45554,50.12175],[14.45525,50.12178]]]}},{"type":"Feature","properties":{"cislo":8038,"mco":"Praha 8"},"geometry":{"type":"Polygon","coordinates":[[[14.46987,50.12116],[14.46345,50.12272],[14.46306,50.12146],[14.45554,50.12175],[14.46124,50.11968],[14.46698,50.11774],[14.46552,50.11772],[14.46727,50.1172],[14.46858,50.11819],[14.46636,50.11981],[14.4695,50.12056],[14.46987,50.12116]]]}},{"type":"Feature","properties":{"cislo":8039,"mco":"Praha 8"},"geometry":{"type":"Polygon","coordinates":[[[14.45628,50.125],[14.4537,50.12277],[14.45525,50.12178],[14.46306,50.12146],[14.46453,50.12627],[14.46111,50.12611],[14.45628,50.125]]]}},{"type":"Feature","properties":{"cislo":8040,"mco":"Praha 8"},"geometry":{"type":"Polygon","coordinates":[[[14.46987,50.12116],[14.4695,50.12056],[14.47448,50.12192],[14.47517,50.121],[14.4806,50.12487],[14.47276,50.1233],[14.4725,50.125],[14.46906,50.12503],[14.47134,50.12209],[14.46987,50.12116]]]}},{"type":"Feature","properties":{"cislo":8041,"mco":"Praha 8"},"geometry":{"type":"Polygon","coordinates":[[[14.46453,50.12627],[14.46345,50.12272],[14.46987,50.12116],[14.47134,50.12209],[14.46906,50.12503],[14.4725,50.125],[14.47273,50.12688],[14.47127,50.12664],[14.46453,50.12627]]]}},{"type":"Feature","properties":{"cislo":8042,"mco":"Praha 8"},"geometry":{"type":"Polygon","coordinates":[[[14.48574,50.12854],[14.48104,50.12901],[14.47748,50.12804],[14.47273,50.12688],[14.4725,50.125],[14.47276,50.1233],[14.4806,50.12487],[14.48574,50.12854]]]}},{"type":"Feature","properties":{"cislo":8043,"mco":"Praha 8"},"geometry":{"type":"Polygon","coordinates":[[[14.47669,50.12936],[14.47503,50.12896],[14.47232,50.12887],[14.47076,50.12793],[14.47127,50.12664],[14.47273,50.12688],[14.47748,50.12804],[14.47669,50.12936]]]}},{"type":"Feature","properties":{"cislo":8044,"mco":"Praha 8"},"geometry":{"type":"Polygon","coordinates":[[[14.47707,50.12871],[14.47748,50.12804],[14.48104,50.12901],[14.47707,50.12871]]]}},{"type":"Feature","properties":{"cislo":8045,"mco":"Praha 8"},"geometry":{"type":"Polygon","coordinates":[[[14.46459,50.12922],[14.46394,50.12625],[14.47127,50.12664],[14.47085,50.12777],[14.46459,50.12922]]]}},{"type":"Feature","properties":{"cislo":8046,"mco":"Praha 8"},"geometry":{"type":"Polygon","coordinates":[[[14.46986,50.12941],[14.46927,50.13041],[14.46459,50.12922],[14.47085,50.12777],[14.46986,50.12941]]]}},{"type":"Feature","properties":{"cislo":8047,"mco":"Praha 8"},"geometry":{"type":"Polygon","coordinates":[[[14.47402,50.13042],[14.47045,50.12956],[14.47232,50.12887],[14.47503,50.12896],[14.47436,50.1305],[14.47402,50.13042]]]}},{"type":"Feature","properties":{"cislo":8048,"mco":"Praha 8"},"geometry":{"type":"Polygon","coordinates":[[[14.47045,50.12956],[14.46986,50.12941],[14.47076,50.12793],[14.47232,50.12887],[14.47045,50.12956]]]}},{"type":"Feature","properties":{"cislo":8049,"mco":"Praha 8"},"geometry":{"type":"Polygon","coordinates":[[[14.47557,50.13079],[14.47669,50.12936],[14.47707,50.12871],[14.48104,50.12901],[14.48019,50.13044],[14.47899,50.13077],[14.47557,50.13079]]]}},{"type":"Feature","properties":{"cislo":8050,"mco":"Praha 8"},"geometry":{"type":"Polygon","coordinates":[[[14.47436,50.1305],[14.47503,50.12896],[14.47669,50.12936],[14.47557,50.13079],[14.47436,50.1305]]]}},{"type":"Feature","properties":{"cislo":8051,"mco":"Praha 8"},"geometry":{"type":"Polygon","coordinates":[[[14.47853,50.13321],[14.47601,50.13334],[14.4729,50.13297],[14.47402,50.13042],[14.47557,50.13079],[14.47899,50.13077],[14.47892,50.13255],[14.47853,50.13321]]]}},{"type":"Feature","properties":{"cislo":8052,"mco":"Praha 8"},"geometry":{"type":"Polygon","coordinates":[[[14.47899,50.13077],[14.48019,50.13044],[14.47892,50.13255],[14.47899,50.13077]]]}},{"type":"Feature","properties":{"cislo":8053,"mco":"Praha 8"},"geometry":{"type":"Polygon","coordinates":[[[14.47853,50.13321],[14.48104,50.12901],[14.48574,50.12854],[14.48711,50.12952],[14.4805,50.13368],[14.47853,50.13321]]]}},{"type":"Feature","properties":{"cislo":8054,"mco":"Praha 8"},"geometry":{"type":"Polygon","coordinates":[[[14.49563,50.13145],[14.49471,50.13616],[14.4888,50.13542],[14.4805,50.13368],[14.48711,50.12952],[14.49563,50.13145]]]}},{"type":"Feature","properties":{"cislo":8055,"mco":"Praha 8"},"geometry":{"type":"Polygon","coordinates":[[[14.47986,50.13977],[14.47682,50.14036],[14.4733,50.13826],[14.4743,50.1371],[14.47601,50.13334],[14.47853,50.13321],[14.4805,50.13368],[14.4888,50.13542],[14.48748,50.13828],[14.47863,50.13831],[14.47986,50.13977]]]}},{"type":"Feature","properties":{"cislo":8056,"mco":"Praha 8"},"geometry":{"type":"Polygon","coordinates":[[[14.4743,50.1371],[14.4705,50.13567],[14.47107,50.13277],[14.47601,50.13334],[14.4743,50.1371]]]}},{"type":"Feature","properties":{"cislo":8058,"mco":"Praha 8"},"geometry":{"type":"Polygon","coordinates":[[[14.47107,50.13277],[14.4705,50.13567],[14.46145,50.13281],[14.46173,50.13251],[14.46474,50.13258],[14.46533,50.13253],[14.47024,50.13267],[14.47107,50.13277]]]}},{"type":"Feature","properties":{"cislo":8059,"mco":"Praha 8"},"geometry":{"type":"Polygon","coordinates":[[[14.4729,50.13297],[14.47024,50.13267],[14.47268,50.13009],[14.47402,50.13042],[14.4729,50.13297]]]}},{"type":"Feature","properties":{"cislo":8060,"mco":"Praha 8"},"geometry":{"type":"Polygon","coordinates":[[[14.4669,50.12979],[14.46927,50.13041],[14.46986,50.12941],[14.47268,50.13009],[14.47024,50.13267],[14.46533,50.13253],[14.4669,50.12979]]]}},{"type":"Feature","properties":{"cislo":8061,"mco":"Praha 8"},"geometry":{"type":"Polygon","coordinates":[[[14.46474,50.13258],[14.46459,50.12922],[14.4669,50.12979],[14.46533,50.13253],[14.46474,50.13258]]]}},{"type":"Feature","properties":{"cislo":8062,"mco":"Praha 8"},"geometry":{"type":"Polygon","coordinates":[[[14.46173,50.13251],[14.463,50.12987],[14.46037,50.12978],[14.45959,50.1288],[14.46111,50.12611],[14.46394,50.12625],[14.46459,50.12922],[14.46474,50.13258],[14.46173,50.13251]]]}},{"type":"Feature","properties":{"cislo":8063,"mco":"Praha 8"},"geometry":{"type":"Polygon","coordinates":[[[14.46037,50.12978],[14.463,50.12987],[14.46173,50.13251],[14.46016,50.13014],[14.46037,50.12978]]]}},{"type":"Feature","properties":{"cislo":8064,"mco":"Praha 8"},"geometry":{"type":"Polygon","coordinates":[[[14.46145,50.13281],[14.4565,50.1371],[14.45241,50.13538],[14.4528,50.13209],[14.45198,50.12964],[14.45217,50.12706],[14.45959,50.1288],[14.46037,50.12978],[14.46016,50.13014],[14.46173,50.13251],[14.46145,50.13281]]]}},{"type":"Feature","properties":{"cislo":8065,"mco":"Praha 8"},"geometry":{"type":"Polygon","coordinates":[[[14.46111,50.12611],[14.45959,50.1288],[14.4533,50.1273],[14.45459,50.12452],[14.45472,50.12569],[14.45628,50.125],[14.46111,50.12611]]]}},{"type":"Feature","properties":{"cislo":8066,"mco":"Praha 8"},"geometry":{"type":"Polygon","coordinates":[[[14.4533,50.1273],[14.45217,50.12706],[14.45221,50.12395],[14.4537,50.12277],[14.45628,50.125],[14.45472,50.12569],[14.45459,50.12452],[14.4533,50.1273]]]}},{"type":"Feature","properties":{"cislo":8067,"mco":"Praha 8"},"geometry":{"type":"Polygon","coordinates":[[[14.45217,50.12706],[14.45086,50.12677],[14.44965,50.12449],[14.45221,50.12395],[14.45217,50.12706]]]}},{"type":"Feature","properties":{"cislo":8068,"mco":"Praha 8"},"geometry":{"type":"Polygon","coordinates":[[[14.449,50.12271],[14.44949,50.12093],[14.45525,50.12178],[14.4537,50.12277],[14.45221,50.12395],[14.44965,50.12449],[14.44939,50.12458],[14.449,50.12271]]]}},{"type":"Feature","properties":{"cislo":8069,"mco":"Praha 8"},"geometry":{"type":"Polygon","coordinates":[[[14.43477,50.1239],[14.43416,50.12342],[14.43345,50.11648],[14.43735,50.11557],[14.43771,50.11586],[14.44949,50.12093],[14.449,50.12271],[14.44101,50.12218],[14.437,50.12353],[14.43477,50.1239]]]}},{"type":"Feature","properties":{"cislo":8070,"mco":"Praha 8"},"geometry":{"type":"Polygon","coordinates":[[[14.437,50.12353],[14.44101,50.12218],[14.449,50.12271],[14.44939,50.12458],[14.44609,50.12552],[14.437,50.12353]]]}},{"type":"Feature","properties":{"cislo":8071,"mco":"Praha 8"},"geometry":{"type":"Polygon","coordinates":[[[14.43477,50.1239],[14.437,50.12353],[14.44609,50.12552],[14.44268,50.12587],[14.43641,50.12732],[14.43477,50.1239]]]}},{"type":"Feature","properties":{"cislo":8072,"mco":"Praha 8"},"geometry":{"type":"Polygon","coordinates":[[[14.44268,50.12587],[14.44609,50.12552],[14.44965,50.12449],[14.45086,50.12677],[14.44884,50.12633],[14.44869,50.12798],[14.44756,50.12885],[14.44268,50.12587]]]}},{"type":"Feature","properties":{"cislo":8073,"mco":"Praha 8"},"geometry":{"type":"Polygon","coordinates":[[[14.44869,50.12798],[14.44884,50.12633],[14.45217,50.12706],[14.45198,50.12964],[14.44869,50.12798]]]}},{"type":"Feature","properties":{"cislo":8074,"mco":"Praha 8"},"geometry":{"type":"Polygon","coordinates":[[[14.45198,50.12964],[14.4528,50.13209],[14.44728,50.12917],[14.44756,50.12885],[14.44869,50.12798],[14.45198,50.12964]]]}},{"type":"Feature","properties":{"cislo":8075,"mco":"Praha 8"},"geometry":{"type":"Polygon","coordinates":[[[14.44565,50.13056],[14.44728,50.12917],[14.4528,50.13209],[14.45241,50.13538],[14.44983,50.13542],[14.44565,50.13056]]]}},{"type":"Feature","properties":{"cislo":8077,"mco":"Praha 8"},"geometry":{"type":"Polygon","coordinates":[[[14.43363,50.1277],[14.43641,50.12732],[14.44268,50.12587],[14.44756,50.12885],[14.44728,50.12917],[14.44565,50.13056],[14.43633,50.1297],[14.43363,50.1277]]]}},{"type":"Feature","properties":{"cislo":8078,"mco":"Praha 8"},"geometry":{"type":"Polygon","coordinates":[[[14.44011,50.13585],[14.44028,50.13356],[14.43458,50.1327],[14.43016,50.13314],[14.4301,50.13276],[14.43143,50.12859],[14.43172,50.12752],[14.43363,50.1277],[14.43633,50.1297],[14.44565,50.13056],[14.44983,50.13542],[14.44011,50.13585]]]}},{"type":"Feature","properties":{"cislo":8079,"mco":"Praha 8"},"geometry":{"type":"Polygon","coordinates":[[[14.43016,50.13314],[14.43458,50.1327],[14.43381,50.13474],[14.43017,50.13505],[14.43016,50.13314]]]}},{"type":"Feature","properties":{"cislo":8080,"mco":"Praha 8"},"geometry":{"type":"Polygon","coordinates":[[[14.43017,50.13505],[14.43381,50.13474],[14.43563,50.13612],[14.42998,50.13699],[14.43017,50.13505]]]}},{"type":"Feature","properties":{"cislo":8081,"mco":"Praha 8"},"geometry":{"type":"Polygon","coordinates":[[[14.43381,50.13474],[14.43458,50.1327],[14.44028,50.13356],[14.44011,50.13585],[14.43563,50.13612],[14.43381,50.13474]]]}},{"type":"Feature","properties":{"cislo":8082,"mco":"Praha 8"},"geometry":{"type":"Polygon","coordinates":[[[14.425,50.13087],[14.42492,50.13025],[14.42896,50.13003],[14.42914,50.13282],[14.425,50.13087]]]}},{"type":"Feature","properties":{"cislo":8083,"mco":"Praha 8"},"geometry":{"type":"Polygon","coordinates":[[[14.42356,50.13142],[14.42308,50.13097],[14.42277,50.12873],[14.42504,50.1286],[14.42492,50.13025],[14.425,50.13087],[14.42356,50.13142]]]}},{"type":"Feature","properties":{"cislo":8084,"mco":"Praha 8"},"geometry":{"type":"Polygon","coordinates":[[[14.42914,50.13282],[14.42896,50.13003],[14.42492,50.13025],[14.42504,50.1286],[14.43143,50.12859],[14.4301,50.13276],[14.42914,50.13282]]]}},{"type":"Feature","properties":{"cislo":8085,"mco":"Praha 8"},"geometry":{"type":"Polygon","coordinates":[[[14.43069,50.14162],[14.42998,50.13788],[14.42998,50.13699],[14.43563,50.13612],[14.44011,50.13585],[14.44983,50.13542],[14.44881,50.13688],[14.4466,50.13644],[14.44481,50.13955],[14.43069,50.14162]]]}},{"type":"Feature","properties":{"cislo":8086,"mco":"Praha 8"},"geometry":{"type":"Polygon","coordinates":[[[14.43069,50.14162],[14.43744,50.14065],[14.43672,50.1417],[14.4334,50.14212],[14.42899,50.14248],[14.43069,50.14162]]]}},{"type":"Feature","properties":{"cislo":8087,"mco":"Praha 8"},"geometry":{"type":"Polygon","coordinates":[[[14.43827,50.14541],[14.43367,50.1451],[14.43107,50.14294],[14.4334,50.14212],[14.43672,50.1417],[14.43848,50.14375],[14.43827,50.14541]]]}},{"type":"Feature","properties":{"cislo":8088,"mco":"Praha 8"},"geometry":{"type":"Polygon","coordinates":[[[14.43367,50.1451],[14.43555,50.15003],[14.43644,50.152],[14.42258,50.14991],[14.4155,50.14845],[14.41704,50.14705],[14.41433,50.14275],[14.41744,50.14035],[14.41978,50.13885],[14.42998,50.13788],[14.43069,50.14162],[14.42899,50.14248],[14.4334,50.14212],[14.43107,50.14294],[14.43367,50.1451]]]}},{"type":"Feature","properties":{"cislo":8089,"mco":"Praha 8"},"geometry":{"type":"Polygon","coordinates":[[[14.42296,50.1301],[14.42308,50.13097],[14.41921,50.13118],[14.42296,50.1301]]]}},{"type":"Feature","properties":{"cislo":8090,"mco":"Praha 8"},"geometry":{"type":"Polygon","coordinates":[[[14.41773,50.13124],[14.41746,50.12926],[14.42277,50.12873],[14.42296,50.1301],[14.41921,50.13118],[14.41773,50.13124]]]}},{"type":"Feature","properties":{"cislo":8091,"mco":"Praha 8"},"geometry":{"type":"MultiPolygon","coordinates":[[[[14.42353,50.12868],[14.42329,50.12688],[14.42501,50.12531],[14.43172,50.12752],[14.43143,50.12859],[14.42504,50.1286],[14.42353,50.12868]]],[[[14.41956,50.12711],[14.41989,50.12602],[14.42123,50.12701],[14.42023,50.12808],[14.41956,50.12711]]]]}},{"type":"Feature","properties":{"cislo":8092,"mco":"Praha 8"},"geometry":{"type":"MultiPolygon","coordinates":[[[[14.43363,50.1277],[14.43172,50.12752],[14.42501,50.12531],[14.42373,50.12385],[14.42387,50.12046],[14.43416,50.12342],[14.43477,50.1239],[14.43641,50.12732],[14.43363,50.1277]]],[[[14.42277,50.12873],[14.41746,50.12926],[14.41719,50.12723],[14.41956,50.12711],[14.42023,50.12808],[14.42123,50.12701],[14.42329,50.12688],[14.42353,50.12868],[14.42277,50.12873]]]]}},{"type":"Feature","properties":{"cislo":8093,"mco":"Praha 8"},"geometry":{"type":"Polygon","coordinates":[[[14.42123,50.12701],[14.41989,50.12602],[14.41674,50.1262],[14.41645,50.12461],[14.42373,50.12385],[14.42501,50.12531],[14.42329,50.12688],[14.42123,50.12701]]]}},{"type":"Feature","properties":{"cislo":8094,"mco":"Praha 8"},"geometry":{"type":"Polygon","coordinates":[[[14.39817,50.14352],[14.39386,50.13835],[14.39257,50.13556],[14.40057,50.13053],[14.40163,50.13262],[14.40129,50.13457],[14.4042,50.13414],[14.41185,50.13456],[14.41113,50.13164],[14.41904,50.13119],[14.41896,50.13354],[14.4301,50.13276],[14.43016,50.13314],[14.43017,50.13505],[14.42998,50.13699],[14.42998,50.13788],[14.41978,50.13885],[14.41744,50.14035],[14.41433,50.14275],[14.41704,50.14705],[14.4155,50.14845],[14.4072,50.14705],[14.40005,50.14798],[14.39817,50.14352]]]}},{"type":"Feature","properties":{"cislo":8095,"mco":"Praha 8"},"geometry":{"type":"Polygon","coordinates":[[[14.40827,50.13402],[14.40721,50.13254],[14.40996,50.13205],[14.40991,50.1316],[14.41113,50.13164],[14.41185,50.13456],[14.40827,50.13402]]]}},{"type":"Feature","properties":{"cislo":8096,"mco":"Praha 8"},"geometry":{"type":"Polygon","coordinates":[[[14.40163,50.13262],[14.40651,50.13225],[14.40721,50.13254],[14.40827,50.13402],[14.4042,50.13414],[14.40129,50.13457],[14.40163,50.13262]]]}},{"type":"Feature","properties":{"cislo":8097,"mco":"Praha 8"},"geometry":{"type":"Polygon","coordinates":[[[14.40057,50.13053],[14.40095,50.12946],[14.40547,50.13027],[14.40876,50.13033],[14.40912,50.13061],[14.40991,50.1316],[14.40996,50.13205],[14.40651,50.13225],[14.40163,50.13262],[14.40057,50.13053]]]}},{"type":"Feature","properties":{"cislo":8098,"mco":"Praha 8"},"geometry":{"type":"Polygon","coordinates":[[[14.40721,50.13254],[14.40651,50.13225],[14.40996,50.13205],[14.40721,50.13254]]]}},{"type":"Feature","properties":{"cislo":8099,"mco":"Praha 8"},"geometry":{"type":"Polygon","coordinates":[[[14.41354,50.13063],[14.40912,50.13061],[14.40876,50.13033],[14.40873,50.1296],[14.41468,50.1292],[14.4167,50.12931],[14.41354,50.13063]]]}},{"type":"Feature","properties":{"cislo":8100,"mco":"Praha 8"},"geometry":{"type":"Polygon","coordinates":[[[14.41366,50.1315],[14.41354,50.13063],[14.4167,50.12931],[14.41746,50.12926],[14.41773,50.13124],[14.41366,50.1315]]]}},{"type":"Feature","properties":{"cislo":8101,"mco":"Praha 8"},"geometry":{"type":"Polygon","coordinates":[[[14.40912,50.13061],[14.41354,50.13063],[14.41366,50.1315],[14.41113,50.13164],[14.40991,50.1316],[14.40912,50.13061]]]}},{"type":"Feature","properties":{"cislo":8102,"mco":"Praha 8"},"geometry":{"type":"Polygon","coordinates":[[[14.42356,50.13142],[14.425,50.13087],[14.42914,50.13282],[14.42399,50.1332],[14.42356,50.13142]]]}},{"type":"Feature","properties":{"cislo":8103,"mco":"Praha 8"},"geometry":{"type":"Polygon","coordinates":[[[14.41904,50.13119],[14.42308,50.13097],[14.42356,50.13142],[14.42399,50.1332],[14.41896,50.13354],[14.41904,50.13119]]]}},{"type":"Feature","properties":{"cislo":8104,"mco":"Praha 8"},"geometry":{"type":"Polygon","coordinates":[[[14.41399,50.12742],[14.41381,50.12621],[14.40824,50.12682],[14.41149,50.12494],[14.41645,50.12461],[14.41689,50.12725],[14.41399,50.12742]]]}},{"type":"Feature","properties":{"cislo":8105,"mco":"Praha 8"},"geometry":{"type":"MultiPolygon","coordinates":[[[[14.40547,50.13027],[14.40824,50.12703],[14.40974,50.12766],[14.40873,50.1296],[14.40876,50.13033],[14.40547,50.13027]]],[[[14.4128,50.12749],[14.41719,50.12723],[14.41746,50.12926],[14.4167,50.12931],[14.41468,50.1292],[14.4128,50.12749]]]]}},{"type":"Feature","properties":{"cislo":8106,"mco":"Praha 8"},"geometry":{"type":"Polygon","coordinates":[[[14.40824,50.12703],[14.40824,50.12682],[14.41381,50.12621],[14.41399,50.12742],[14.40974,50.12766],[14.40824,50.12703]]]}},{"type":"Feature","properties":{"cislo":8076,"mco":"Praha 8"},"geometry":{"type":"MultiPolygon","coordinates":[[[[14.40873,50.1296],[14.40974,50.12766],[14.4128,50.12749],[14.41468,50.1292],[14.40873,50.1296]]],[[[14.41719,50.12723],[14.41689,50.12725],[14.41674,50.1262],[14.41989,50.12602],[14.41956,50.12711],[14.41719,50.12723]]]]}},{"type":"Feature","properties":{"cislo":8057,"mco":"Praha 8"},"geometry":{"type":"Polygon","coordinates":[[[14.4042,50.13414],[14.40827,50.13402],[14.41185,50.13456],[14.4042,50.13414]]]}},{"type":"Feature","properties":{"cislo":13052,"mco":"Praha 13"},"geometry":{"type":"Polygon","coordinates":[[[14.34036,50.05135],[14.34042,50.05091],[14.34813,50.05194],[14.34689,50.0519],[14.34036,50.05135]]]}},{"type":"Feature","properties":{"cislo":13055,"mco":"Praha 13"},"geometry":{"type":"Polygon","coordinates":[[[14.33662,50.0377],[14.33564,50.03751],[14.33539,50.03352],[14.33585,50.03176],[14.33851,50.0328],[14.34276,50.03185],[14.34833,50.03421],[14.34599,50.03764],[14.33981,50.03563],[14.33769,50.03572],[14.33756,50.03633],[14.33662,50.0377]]]}},{"type":"Feature","properties":{"cislo":28004,"mco":"Praha-Dolní Chabry"},"geometry":{"type":"Polygon","coordinates":[[[14.44989,50.1462],[14.44267,50.14476],[14.44329,50.14326],[14.44092,50.14272],[14.43848,50.14375],[14.43672,50.1417],[14.43744,50.14065],[14.44481,50.13955],[14.4466,50.13644],[14.45137,50.13737],[14.44989,50.1462]]]}},{"type":"Feature","properties":{"cislo":9007,"mco":"Praha 9"},"geometry":{"type":"Polygon","coordinates":[[[14.53136,50.11136],[14.5164,50.11384],[14.50515,50.11261],[14.50257,50.11134],[14.5025,50.11118],[14.50213,50.10789],[14.50358,50.1083],[14.50972,50.11067],[14.53131,50.11007],[14.53115,50.11063],[14.53136,50.11136]],[[14.50642,50.10985],[14.50644,50.11049],[14.5067,50.11048],[14.50642,50.10985]]]}},{"type":"Feature","properties":{"cislo":7036,"mco":"Praha 7"},"geometry":{"type":"Polygon","coordinates":[[[14.45723,50.11101],[14.45111,50.10729],[14.45244,50.10679],[14.45595,50.1053],[14.4606,50.10621],[14.45723,50.11101]]]}},{"type":"Feature","properties":{"cislo":48003,"mco":"Praha-Slivenec"},"geometry":{"type":"Polygon","coordinates":[[[14.34833,50.03421],[14.34276,50.03185],[14.33851,50.0328],[14.33585,50.03176],[14.33383,50.03086],[14.335,50.02915],[14.33173,50.02353],[14.32851,50.0214],[14.34968,50.02021],[14.35169,50.02191],[14.35619,50.02178],[14.35837,50.02022],[14.36576,50.02243],[14.36317,50.02626],[14.35608,50.02499],[14.35546,50.0284],[14.35745,50.03008],[14.35506,50.03186],[14.35439,50.03561],[14.35301,50.03559],[14.34833,50.03421]]]}},{"type":"Feature","properties":{"cislo":22007,"mco":"Praha 22"},"geometry":{"type":"Polygon","coordinates":[[[14.59352,50.03277],[14.58877,50.03072],[14.59144,50.02778],[14.59804,50.02938],[14.59352,50.03277]]]}},{"type":"Feature","properties":{"cislo":26007,"mco":"Praha-Čakovice"},"geometry":{"type":"Polygon","coordinates":[[[14.51651,50.15724],[14.51617,50.1562],[14.52373,50.15537],[14.52273,50.15298],[14.52642,50.15285],[14.52611,50.15162],[14.52789,50.15278],[14.52762,50.15604],[14.52715,50.1572],[14.52377,50.15573],[14.52352,50.15698],[14.52262,50.15603],[14.51651,50.15724]]]}},{"type":"Feature","properties":{"cislo":26008,"mco":"Praha-Čakovice"},"geometry":{"type":"Polygon","coordinates":[[[14.52762,50.15604],[14.52789,50.15278],[14.52665,50.15115],[14.52522,50.15129],[14.52656,50.14991],[14.53723,50.15092],[14.53501,50.15088],[14.53115,50.15686],[14.52762,50.15604]]]}},{"type":"Feature","properties":{"cislo":51002,"mco":"Praha-Štěrboholy"},"geometry":{"type":"Polygon","coordinates":[[[14.555,50.08178],[14.55437,50.08264],[14.54427,50.08014],[14.54323,50.08172],[14.53909,50.08103],[14.53942,50.07681],[14.53564,50.07746],[14.53425,50.07548],[14.53823,50.07463],[14.53767,50.07238],[14.53592,50.07341],[14.53139,50.07231],[14.53538,50.06883],[14.54215,50.0691],[14.56432,50.07603],[14.56315,50.07817],[14.56161,50.07716],[14.5617,50.08018],[14.5568,50.07933],[14.555,50.08178]]]}}]}